-- phpMyAdmin SQL Dump
-- version 5.2.1
-- https://www.phpmyadmin.net/
--
-- Host: 127.0.0.1
-- Generation Time: Jun 04, 2024 at 03:20 PM
-- Server version: 10.4.32-MariaDB
-- PHP Version: 8.0.30

SET SQL_MODE = "NO_AUTO_VALUE_ON_ZERO";
START TRANSACTION;
SET time_zone = "+00:00";


/*!40101 SET @OLD_CHARACTER_SET_CLIENT=@@CHARACTER_SET_CLIENT */;
/*!40101 SET @OLD_CHARACTER_SET_RESULTS=@@CHARACTER_SET_RESULTS */;
/*!40101 SET @OLD_COLLATION_CONNECTION=@@COLLATION_CONNECTION */;
/*!40101 SET NAMES utf8mb4 */;

--
-- Database: `engine`
--
CREATE DATABASE IF NOT EXISTS `engine` DEFAULT CHARACTER SET utf8mb4 COLLATE utf8mb4_general_ci;
USE `engine`;

-- --------------------------------------------------------

--
-- Table structure for table `candidates`
--

CREATE TABLE `candidates` (
  `id` int(11) NOT NULL,
  `exam` varchar(500) NOT NULL,
  `firstname` varchar(100) NOT NULL,
  `lastname` varchar(100) NOT NULL,
  `username` varchar(100) NOT NULL,
  `group` varchar(20) DEFAULT NULL,
  `phone` varchar(20) DEFAULT NULL,
  `gender` varchar(20) DEFAULT NULL,
  `role` varchar(100) NOT NULL,
  `state` varchar(30) DEFAULT NULL,
  `faculty` varchar(100) DEFAULT NULL,
  `department` varchar(100) DEFAULT NULL,
  `seatno` varchar(50) NOT NULL,
  `examno` varchar(50) NOT NULL,
  `photo` varchar(500) DEFAULT NULL,
  `time` varchar(50) DEFAULT NULL,
  `date` varchar(50) DEFAULT NULL,
  `created_at` timestamp NOT NULL DEFAULT current_timestamp(),
  `updated_at` timestamp NOT NULL DEFAULT current_timestamp()
) ENGINE=InnoDB DEFAULT CHARSET=utf8mb4 COLLATE=utf8mb4_general_ci;

--
-- Dumping data for table `candidates`
--

INSERT INTO `candidates` (`id`, `exam`, `firstname`, `lastname`, `username`, `group`, `phone`, `gender`, `role`, `state`, `faculty`, `department`, `seatno`, `examno`, `photo`, `time`, `date`, `created_at`, `updated_at`) VALUES
(1, 'CAOSCE', 'Daniel', 'Faith', 'Daniel.Faith', '200 LEVEL', '8169188784', '', 'USER', '', '', '', '1', 'DE:2019/7452', '', '', '', '2024-05-14 11:50:48', '2024-05-14 11:50:48'),
(2, 'CAOSCE', 'Edwin', 'Joseph', 'Edwin.Joseph', '200 LEVEL', '8051124017', '', 'USER', '', '', '', '2', 'DE:2029/7944', '', '', '', '2024-05-14 11:50:48', '2024-05-14 11:50:48'),
(3, 'CAOSCE', 'Princess', 'Tom-jaja', 'Princess.Tom-jaja', '200 LEVEL', '9064020246', '', 'USER', '', '', '', '4', 'De:2019/7952', '', '', '', '2024-05-14 11:50:48', '2024-05-14 11:50:48'),
(4, 'CAOSCE', 'MBABA', 'ABRAHAM', 'MBABA.ABRAHAM', '200 LEVEL', '8138800613', '', 'USER', '', '', '', '3', 'DE:2020/7493', '', '', '', '2024-05-14 11:50:48', '2024-05-14 11:50:48'),
(5, 'CAOSCE', 'OLUWADAMILOLA', 'ADEWOLE', 'OLUWADAMILOLA.ADEWOLE', '200 LEVEL', '9073797724', '', 'USER', '', '', '', '5', 'DE:2019/7942', '', '', '', '2024-05-14 11:50:48', '2024-05-14 11:50:48'),
(6, 'CAOSCE', 'NGOR', 'JUSTICE', 'NGOR.JUSTICE', 'USER', '8169316596', '\"\"', 'USER', '', '', '', '6', 'DE:2019/7454', '\"\"', '', '', '2024-05-14 11:50:48', '2024-05-14 11:50:48'),
(7, 'CAOSCE', 'AMARACHI', 'OBIDIMMA', 'AMARACHI.OBIDIMMA', 'USER', '9022697669', '', 'USER', '', '', '', '7', 'DE:2019/7457', '\"\"', '', '', '2024-05-14 11:50:48', '2024-05-14 11:50:48'),
(8, 'CAOSCE', 'Loveday', 'Gracious', 'Loveday.Gracious', 'USER', '9130964935', '\"\"', 'USER', '', '', '', '8', 'DE:2019/7439', '\"\"', '', '', '2024-05-14 11:50:48', '2024-05-14 11:50:48'),
(9, 'CAOSCE', 'OHORE', 'ELOZINO', 'OHORE.ELOZINO', 'USER', '9160884589', '\"\"', 'USER', '', '', '', '9', 'DE:2019/7496', '\"\"', '', '', '2024-05-14 11:50:48', '2024-05-14 11:50:48'),
(10, 'CAOSCE', 'Ndeezia', 'Barisua', 'Ndeezia.Barisua', 'USER', '9039649484', '\"\"', 'USER', '', '', '', '10', 'DE:2019/7492', '\"\"', '', '', '2024-05-14 11:50:48', '2024-05-14 11:50:48'),
(11, 'CAOSCE', 'Nwinuazor', 'Nwikoo', 'Nwinuazor.Nwikoo', 'USER', '7064508685', '\"\"', 'USER', '', '', '', '11', 'DE:2019/7423', '\"\"', '', '', '2024-05-14 11:50:48', '2024-05-14 11:50:48'),
(12, 'CAOSCE', 'Obasi', 'Hossanah', 'Obasi.Hossanah', 'USER', '8067143030', '\"\"', 'USER', '', '', '', '12', 'DE:2019/7587', '\"\"', '', '', '2024-05-14 11:50:48', '2024-05-14 11:50:48'),
(13, 'CAOSCE', 'BLESSING', 'ITOR-UE', 'BLESSING.ITOR-UE', 'USER', '7048589902', '\"\"', 'USER', '', '', '', '13', 'DE:2019/7591', '\"\"', '', '', '2024-05-14 11:50:48', '2024-05-14 11:50:48'),
(14, 'CAOSCE', 'Christabel', 'Ekeanyanwu', 'Christabel.Ekeanyanwu', 'USER', '8137734232', '\"\"', 'USER', '', '', '', '14', 'DE:2021/0003', '\"\"', '', '', '2024-05-14 11:50:48', '2024-05-14 11:50:48'),
(15, 'CAOSCE', 'Ray-oku', 'leelabari', 'Ray-oku.leelabari', 'USER', '9078873201', '\"\"', 'USER', '', '', '', '16', 'DE:2021/5496', '\"\"', '', '', '2024-05-14 11:50:48', '2024-05-14 11:50:48'),
(16, 'CAOSCE', 'GIADOM', 'GIFT', 'GIADOM.GIFT', 'USER', '8129532662', '\"\"', 'USER', '', '', '', '15', 'DE:2019/7592', '\"\"', '', '', '2024-05-14 11:50:48', '2024-05-14 11:50:48'),
(17, 'CAOSCE', 'Maureen', 'Okere', 'Maureen.Okere', 'USER', '7086036600', '\"\"', 'USER', '', '', '', '17', 'DE:2019/7405', '\"\"', '', '', '2024-05-14 11:50:48', '2024-05-14 11:50:48'),
(18, 'CAOSCE', 'Mathias', 'Rhoda', 'Mathias.Rhoda', 'USER', '9156051783', '\"\"', 'USER', '', '', '', '18', 'DE:2020/7453', '\"\"', '', '', '2024-05-14 11:50:48', '2024-05-14 11:50:48'),
(19, 'CAOSCE', 'REJOICE', 'UMEH', 'REJOICE.UMEH', 'USER', '8137215483', '\"\"', 'USER', '', '', '', '19', 'DE:2021/5474', '\"\"', '', '', '2024-05-14 11:50:48', '2024-05-14 11:50:48'),
(20, 'CAOSCE', 'Victor', 'Ogbueri', 'Victor.Ogbueri', 'USER', '9017311417', '\"\"', 'USER', '', '', '', '21', 'DE:2019/4929', '\"\"', '', '', '2024-05-14 11:50:48', '2024-05-14 11:50:48'),
(21, 'CAOSCE', 'Nlemadim', 'Promise', 'Nlemadim.Promise', 'USER', '8105731945', '\"\"', 'USER', '', '', '', '22', 'DE:2019/7409', '\"\"', '', '', '2024-05-14 11:50:48', '2024-05-14 11:50:48'),
(22, 'CAOSCE', 'Rachael', 'Okah', '', 'USER', '7032625621', '\"\"', 'USER', '', '', '', '20', 'DE:2019/7408', '\"\"', '', '', '2024-05-14 11:50:48', '2024-05-14 11:50:48'),
(23, 'CAOSCE', 'SANDRA', 'ONUKANSI', 'SANDRA.ONUKANSI', 'USER', '8161607145', '\"\"', 'USER', '', '', '', '23', 'De:2019/7494', '\"\"', '', '', '2024-05-14 11:50:49', '2024-05-14 11:50:49'),
(24, 'CAOSCE', 'Birabil', 'Kilsi', 'Birabil.Kilsi', 'USER', '9076718612', '\"\"', 'USER', '', '', '', '24', 'DE:2019/7436', '\"\"', '', '', '2024-05-14 11:50:49', '2024-05-14 11:50:49'),
(25, 'CAOSCE', 'Rejoice', 'Assor', 'Rejoice.Assor', 'USER', '8100580400', '\"\"', 'USER', '', '', '', '25', 'DE:2021/7104 ', '\"\"', '', '', '2024-05-14 11:50:49', '2024-05-14 11:50:49'),
(26, 'CAOSCE', 'Abraham', 'Jedidiah', 'Abraham.Jedidiah', 'USER', '9026149991', '\"\"', 'USER', '', '', '', '27', 'DE:2019/7943', '\"\"', '', '', '2024-05-14 11:50:49', '2024-05-14 11:50:49'),
(27, 'CAOSCE', 'FORTUNE', 'NYODE', 'FORTUNE.NYODE', 'USER', '9020212724', '\"\"', 'USER', '', '', '', '26', 'DE:2019/7421', '\"\"', '', '', '2024-05-14 11:50:49', '2024-05-14 11:50:49'),
(28, 'CAOSCE', 'Patience', 'Awashi', 'Patience.Awashi', 'USER', '8066219917', '\"\"', 'USER', '', '', '', '28', 'DE:2019/7947', '\"\"', '', '', '2024-05-14 11:50:49', '2024-05-14 11:50:49'),
(29, 'CAOSCE', 'Divine', 'Agbam', 'Divine.Agbam', 'USER', '8036672368', '\"\"', 'USER', '', '', '', '29', 'DE:2019/7413', '\"\"', '', '', '2024-05-14 11:50:49', '2024-05-14 11:50:49'),
(30, 'CAOSCE', 'CHINDAH', 'GIFT', 'CHINDAH.GIFT', 'USER', '7061241962', '\"\"', 'USER', '', '', '', '30', 'DE:2019/7945', '\"\"', '', '', '2024-05-14 11:50:49', '2024-05-14 11:50:49'),
(31, 'CAOSCE', 'Job', 'Tukwashiobu', 'Job.Tukwashiobu', 'USER', '9061697084', '\"\"', 'USER', '', '', '', '31', 'DE:2019/7411', '\"\"', '', '', '2024-05-14 11:50:49', '2024-05-14 11:50:49'),
(32, 'CAOSCE', 'OZUZU', 'TUBUZECHI', 'OZUZU.TUBUZECHI', 'USER', '9035988223', '\"\"', 'USER', '', '', '', '32', 'DE:2019/7431', '\"\"', '', '', '2024-05-14 11:50:49', '2024-05-14 11:50:49'),
(33, '', 'Chioma', 'Igbudu', 'Chioma.Igbudu', 'USER', '8059470505', '\"\"', 'USER', '', '', '', '33', 'DE:2020/7421', '\"\"', '', '', '2024-05-14 11:50:49', '2024-05-14 11:50:49'),
(34, 'CAOSCE', 'Fortune', 'Hart', 'Fortune.Hart', 'USER', '8068862633', '\"\"', 'USER', '', '', '', '34', 'DE:2019/7948', '\"\"', '', '', '2024-05-14 11:50:49', '2024-05-14 11:50:49'),
(35, 'CAOSCE', 'Richard', 'Okechukwu', 'Richard.Okechukwu', 'USER', '7033596405', '\"\"', 'USER', '', '', '', '35', 'DE:2020/2259', '\"\"', '', '', '2024-05-14 11:50:49', '2024-05-14 11:50:49'),
(36, 'CAOSCE', 'Oti', 'Chukwunoyerem', 'Oti.Chukwunoyerem', 'USER', '8134216896', '\"\"', 'USER', '', '', '', '37', 'DE:2019/7455', '\"\"', '', '', '2024-05-14 11:50:49', '2024-05-14 11:50:49'),
(37, 'CAOSCE', 'Lois,', 'Eke-Precious', 'Lois,.Eke-Precious', 'USER', '9069617681', '\"\"', 'USER', '', '', '', '39', 'DE:2020/7414', '\"\"', '', '', '2024-05-14 11:50:49', '2024-05-14 11:50:49'),
(38, 'CAOSCE', 'Banaador', 'Rita', 'Banaador.Rita', 'USER', '7034412095', '\"\"', 'USER', '', '', '', '36', 'DE:2019/7420', '\"\"', '', '', '2024-05-14 11:50:49', '2024-05-14 11:50:49'),
(39, 'CAOSCE', 'ANIETIE', 'EMEM', 'ANIETIE.EMEM', 'USER', '9086824968', '\"\"', 'USER', '', '', '', '38', 'DE:2019 /7437 ', '\"\"', '', '', '2024-05-14 11:50:49', '2024-05-14 11:50:49'),
(40, 'CAOSCE', 'Adibe', 'Alfred', 'Adibe.Alfred', 'USER', '9034231902', '\"\"', 'USER', '', '', '', '40', 'DE:2021/4823', '\"\"', '', '', '2024-05-14 11:50:49', '2024-05-14 11:50:49'),
(41, 'CAOSCE', 'BLESSED', 'DAUPHIN', 'BLESSED.DAUPHIN', 'USER', '9032660890', '\"\"', 'USER', '', '', '', '41', 'DE:2020/3994', '\"\"', '', '', '2024-05-14 11:50:49', '2024-05-14 11:50:49'),
(42, 'CAOSCE', 'Ukeje', 'Nneoma', 'Ukeje.Nneoma', 'USER', '9085869958', '\"\"', 'USER', '', '', '', '43', 'DE:2021/7113', '\"\"', '', '', '2024-05-14 11:50:49', '2024-05-14 11:50:49'),
(43, 'CAOSCE', 'Osademe', 'Deborah', 'Osademe.Deborah', 'USER', '9057586879', '\"\"', 'USER', '', '', '', '42', 'DE:2021/7642', '\"\"', '', '', '2024-05-14 11:50:49', '2024-05-14 11:50:49'),
(44, 'CAOSCE', 'Sam-kormah', '', 'Sam-kormah.Catherine', 'USER', '8086688756', '\"\"', 'USER', '', '', '', '44', 'DE:2020/7406', '\"\"', '', '', '2024-05-14 11:50:49', '2024-05-14 11:50:49'),
(45, 'CAOSCE', 'Treasure', 'ijinda', 'Treasure.ijinda', 'USER', '9071027393', '\"\"', 'USER', '', '', '', '45', 'DE:2021/7016', '\"\"', '', '', '2024-05-14 11:50:49', '2024-05-14 11:50:49'),
(46, 'CAOSCE', 'Hope', 'Okechukwu', 'Hope.Okechukwu', 'USER', '9036300394', '\"\"', 'USER', '', '', '', '46', 'DE:2020/7407', '\"\"', '', '', '2024-05-14 11:50:49', '2024-05-14 11:50:49'),
(47, 'CAOSCE', 'UFOT', 'ENYIN', 'UFOT.ENYIN', 'USER', '7063033818', '\"\"', 'USER', '', '', '', '47', 'DE:2021/5492', '\"\"', '', '', '2024-05-14 11:50:49', '2024-05-14 11:50:49'),
(48, 'CAOSCE', 'Victoria', 'Ekott', 'Victoria.Ekott', 'USER', '8099230487', '\"\"', 'USER', '', '', '', '48', 'DE:2021/4868', '\"\"', '', '', '2024-05-14 11:50:49', '2024-05-14 11:50:49'),
(49, 'CAOSCE', 'Ajirioghene', 'Chimeiyeuma', 'Ajirioghene.Chimeiyeuma', 'USER', '8065253991', '\"\"', 'USER', '', '', '', '49', 'DE:2019/7415', '\"\"', '', '', '2024-05-14 11:50:49', '2024-05-14 11:50:49'),
(50, 'CAOSCE', 'Treasure', 'Wokocha', 'Treasure.Wokocha', 'USER', '8075194818', '\"\"', 'USER', '', '', '', '51', 'DE:2020/7422', '\"\"', '', '', '2024-05-14 11:50:49', '2024-05-14 11:50:49'),
(51, 'CAOSCE', 'Belema', 'Brown', 'Belema.Brown', 'USER', '8152184310', '\"\"', 'USER', '', '', '', '52', 'DE:2021/4189', '\"\"', '', '', '2024-05-14 11:50:49', '2024-05-14 11:50:49'),
(52, 'CAOSCE', 'Annabel', 'Oluka-Victor', 'Annabel.Oluka-Victor', 'USER', '8057322454', '\"\"', 'USER', '', '', '', '50', 'DE:2021/5481', '\"\"', '', '', '2024-05-14 11:50:49', '2024-05-14 11:50:49'),
(53, 'CAOSCE', 'FAITHFUL,', 'ALIKOR-JOSEPH', 'FAITHFUL,.ALIKOR-JOSEPH', 'USER', '9131755982', '\"\"', 'USER', '', '', '', '53', 'DE:2021/5846', '\"\"', '', '', '2024-05-14 11:50:49', '2024-05-14 11:50:49'),
(54, 'CAOSCE', 'Christopher', 'Ibiyeomie', 'Christopher.Ibiyeomie', 'USER', '9011866833', '\"\"', 'USER', '', '', '', '54', 'DE:2020/7419', '\"\"', '', '', '2024-05-14 11:50:49', '2024-05-14 11:50:49'),
(55, 'CAOSCE', 'Daniela', 'Onyeukwu', 'Daniela.Onyeukwu', 'USER', '8136426104', '\"\"', 'USER', '', '', '', '55', 'DE:2019/7450', '\"\"', '', '', '2024-05-14 11:50:49', '2024-05-14 11:50:49'),
(56, 'CAOSCE', 'Helen', 'Effiom', 'Helen.Effiom', 'USER', '7013440741', '\"\"', 'USER', '', '', '', '57', 'DE:2019/7428', '\"\"', '', '', '2024-05-14 11:50:49', '2024-05-14 11:50:49'),
(57, 'CAOSCE', 'Timothy', 'Onogharakpote', 'Timothy.Onogharakpote', 'USER', '7063754894', '\"\"', 'USER', '', '', '', '58', 'DE:2020/7454', '\"\"', '', '', '2024-05-14 11:50:49', '2024-05-14 11:50:49'),
(58, 'CAOSCE', 'Omereji', 'Uchechi', 'Omereji.Uchechi', 'USER', '8123241450', '\"\"', 'USER', '', '', '', '59', 'DE:2019/7588', '\"\"', '', '', '2024-05-14 11:50:49', '2024-05-14 11:50:49'),
(59, 'CAOSCE', 'Ejogheneta', 'Ovedje', 'Ejogheneta.Ovedje', 'USER', '9063411218', '\"\"', 'USER', '', '', '', '56', 'DE:2020/7447', '\"\"', '', '', '2024-05-14 11:50:49', '2024-05-14 11:50:49'),
(60, 'CAOSCE', 'Favour', 'Goodluck', 'Favour.Goodluck', 'USER', '9068478171', '\"\"', 'USER', '', '', '', '60', 'DE:2019/7950', '\"\"', '', '', '2024-05-14 11:50:49', '2024-05-14 11:50:49'),
(61, 'CAOSCE', 'Immanuella', 'Dennar', 'Immanuella.Dennar', 'USER', '9072649000', '\"\"', 'USER', '', '', '', '61', 'DE:2020/7455', '\"\"', '', '', '2024-05-14 11:50:49', '2024-05-14 11:50:49'),
(62, 'CAOSCE', 'Ebere', 'Jacklyne', 'Ebere.Jacklyne', 'USER', '9061892914', '\"\"', 'USER', '', '', '', '62', 'DE:2020/6616', '\"\"', '', '', '2024-05-14 11:50:49', '2024-05-14 11:50:49'),
(63, 'CAOSCE', 'Faith', 'Amahaotu', 'Faith.Amahaotu', 'USER', '8180997908', '\"\"', 'USER', '', '', '', '64', 'DE:2020/7423', '\"\"', '', '', '2024-05-14 11:50:49', '2024-05-14 11:50:49'),
(64, 'CAOSCE', 'AMOS', 'AKPELU', 'AMOS.AKPELU', 'USER', '9035614253', '\"\"', 'USER', '', '', '', '65', 'DE:2020/7430', '\"\"', '', '', '2024-05-14 11:50:49', '2024-05-14 11:50:49'),
(65, 'CAOSCE', 'Okegbe', 'ebere', 'Okegbe.ebere', 'USER', '8149555968', '\"\"', 'USER', '', '', '', '63', 'DE:2021/5853', '\"\"', '', '', '2024-05-14 11:50:49', '2024-05-14 11:50:49'),
(66, 'CAOSCE', 'Anyanwu', 'Chinasa', 'Anyanwu.Chinasa', 'USER', '8023201263', '\"\"', 'USER', '', '', '', '66', 'DE:2020/7451', '\"\"', '', '', '2024-05-14 11:50:49', '2024-05-14 11:50:49'),
(67, 'CAOSCE', 'Amaewhule', 'chioma', 'Amaewhule.chioma', 'USER', '8136934159', '\"\"', 'USER', '', '', '', '67', 'DE:2019 /7404', '\"\"', '', '', '2024-05-14 11:50:49', '2024-05-14 11:50:49'),
(68, 'CAOSCE', 'FRANK-BRIGGS', 'FAYEOFORI', 'FRANK-BRIGGS.FAYEOFORI', 'USER', '7043887963', '\"\"', 'USER', '', '', '', '68', 'DE:2020/7438', '\"\"', '', '', '2024-05-14 11:50:49', '2024-05-14 11:50:49'),
(69, 'CAOSCE', 'Lekia', 'Barisua', 'Lekia.Barisua', 'USER', '9016470930', '\"\"', 'USER', '', '', '', '69', 'DE:2020/7452', '\"\"', '', '', '2024-05-14 11:50:49', '2024-05-14 11:50:49'),
(70, 'CAOSCE', 'Special', 'nnah', 'Special.nnah', 'USER', '7064541868', '\"\"', 'USER', '', '', '', '71', 'DE:2019/7418', '\"\"', '', '', '2024-05-14 11:50:49', '2024-05-14 11:50:49'),
(71, 'CAOSCE', 'Anujem', 'Rejoice', 'Anujem.Rejoice', 'USER', '9038690563', '\"\"', 'USER', '', '', '', '70', 'DE:2021/5488', '\"\"', '', '', '2024-05-14 11:50:49', '2024-05-14 11:50:49'),
(72, 'CAOSCE', 'Orji', 'Favour', 'Orji.Favour', 'USER', '8166803074', '\"\"', 'USER', '', '', '', '72', 'DE:2020/7435', '\"\"', '', '', '2024-05-14 11:50:50', '2024-05-14 11:50:50'),
(73, 'CAOSCE', 'Ndubueze', 'okechukwu', 'Ndubueze.okechukwu', 'USER', '7014739194', '\"\"', 'USER', '', '', '', '74', 'DE:2019/7410', '\"\"', '', '', '2024-05-14 11:50:50', '2024-05-14 11:50:50'),
(74, 'CAOSCE', 'Halliday', 'Ibitamuno', 'Halliday.Ibitamuno', 'USER', '9137174711', '\"\"', 'USER', '', '', '', '75', 'DE:20207/10', '\"\"', '', '', '2024-05-14 11:50:50', '2024-05-14 11:50:50'),
(75, 'CAOSCE', 'Allwell', 'Deborah', 'Allwell.Deborah', 'USER', '7054996050', '\"\"', 'USER', '', '', '', '73', 'DE:2020/7587', '\"\"', '', '', '2024-05-14 11:50:50', '2024-05-14 11:50:50'),
(76, 'CAOSCE', 'BARIDOMA', 'BARITUKA', 'BARIDOMA.BARITUKA', 'USER', '9049098939', '\"\"', 'USER', '', '', '', '76', 'DE:2020/7405', '\"\"', '', '', '2024-05-14 11:50:50', '2024-05-14 11:50:50'),
(77, 'CAOSCE', 'RUTH', 'OWHONDA', 'RUTH.OWHONDA', 'USER', '8060511112', '\"\"', 'USER', '', '', '', '77', 'DE:2019/7448', '\"\"', '', '', '2024-05-14 11:50:50', '2024-05-14 11:50:50'),
(78, 'CAOSCE', 'VICTOR', 'PEPPLE', 'VICTOR.PEPPLE', 'USER', '7066014781', '\"\"', 'USER', '', '', '', '78', 'DE:2020/4027', '\"\"', '', '', '2024-05-14 11:50:50', '2024-05-14 11:50:50'),
(79, 'CAOSCE', 'JOY,', 'DAVID', 'JOY,.DAVID', 'USER', '9025615356', '\"\"', 'USER', '', '', '', '79', 'DE:2021/4115', '\"\"', '', '', '2024-05-14 11:50:50', '2024-05-14 11:50:50'),
(80, 'CAOSCE', 'Favour', 'Ohaka', 'Favour.Ohaka', 'USER', '9128746815', '\"\"', 'USER', '', '', '', '81', 'DE:2020/7440', '\"\"', '', '', '2024-05-14 11:50:50', '2024-05-14 11:50:50'),
(81, 'CAOSCE', 'DIVINE', 'OGINAH', 'DIVINE.OGINAH', 'USER', '9069460511', '\"\"', 'USER', '', '', '', '80', 'DE:2021/4751', '\"\"', '', '', '2024-05-14 11:50:50', '2024-05-14 11:50:50'),
(82, 'CAOSCE', 'Ejieme', 'Crystalbel', 'Ejieme.Crystalbel', 'USER', '8060735854', '\"\"', 'USER', '', '', '', '83', 'DE:2019/7438', '\"\"', '', '', '2024-05-14 11:50:50', '2024-05-14 11:50:50'),
(83, 'CAOSCE', 'Confidence', 'Egbo', 'Confidence.Egbo', 'USER', '8109879851', '\"\"', 'USER', '', '', '', '82', 'DE:2019/7440', '\"\"', '', '', '2024-05-14 11:50:50', '2024-05-14 11:50:50'),
(84, 'CAOSCE', 'AMAKOM', 'DAVID', 'AMAKOM.DAVID', 'USER', '8076585534', '\"\"', 'USER', '', '', '', '84', 'DE:2021/5499', '\"\"', '', '', '2024-05-14 11:50:50', '2024-05-14 11:50:50'),
(85, 'CAOSCE', 'UGBOMA', 'CHINONSO', 'UGBOMA.CHINONSO', 'USER', '8103439499', '\"\"', 'USER', '', '', '', '85', 'DE:2021/2268', '\"\"', '', '', '2024-05-14 11:50:50', '2024-05-14 11:50:50'),
(86, 'CAOSCE', 'Esther', 'Njoku', 'Esther.Njoku', 'USER', '7016818447', '\"\"', 'USER', '', '', '', '87', 'DE:2022/1838', '\"\"', '', '', '2024-05-14 11:50:50', '2024-05-14 11:50:50'),
(87, 'CAOSCE', 'NDIDIAMAKA', 'AKANINWOR', 'NDIDIAMAKA.AKANINWOR', 'USER', '8111702468', '\"\"', 'USER', '', '', '', '88', 'DE:2022/TR/0032', '\"\"', '', '', '2024-05-14 11:50:50', '2024-05-14 11:50:50'),
(88, 'CAOSCE', 'Okechukwu', 'Nelewem', 'Okechukwu.Nelewem', 'USER', '7068960651', '\"\"', 'USER', '', '', '', '86', 'DE:2023/DR/0102', '\"\"', '', '', '2024-05-14 11:50:50', '2024-05-14 11:50:50'),
(89, 'CAOSCE', 'Edwin', 'Gift', 'Edwin.Gift', 'USER', '8135094909', '\"\"', 'USER', '', '', '', '89', 'DE:2022/1818', '\"\"', '', '', '2024-05-14 11:50:50', '2024-05-14 11:50:50'),
(90, 'CAOSCE', 'MARYJANE', 'ONYEMEREKAM', 'MARYJANE.ONYEMEREKAM', 'USER', '8137036509', '\"\"', 'USER', '', '', '', '90', 'DE:2022/1788', '\"\"', '', '', '2024-05-14 11:50:50', '2024-05-14 11:50:50'),
(91, 'CAOSCE', 'Dhikirullahi', 'Abdulraheem', 'Dhikirullahi.Abdulraheem', 'USER', '8169469300', '\"\"', 'USER', '', '', '', '91', 'DE:2022/1781', '\"\"', '', '', '2024-05-14 11:50:50', '2024-05-14 11:50:50'),
(92, 'CAOSCE', 'VERONICA', 'ONYEMA-DIKE', 'VERONICA.ONYEMA-DIKE', 'USER', '9045875158', '\"\"', 'USER', '', '', '', '92', 'DE:2022/1789 ', '\"\"', '', '', '2024-05-14 11:50:50', '2024-05-14 11:50:50'),
(93, 'CAOSCE', 'Faith', 'Williams', '', '', '7064714854', '\"\"', 'USER', '', '', '', '93', 'DE:2022/1860', '\"\"', '', '', '2024-05-14 11:50:50', '2024-05-14 11:50:50'),
(94, 'CAOSCE', 'Faith', 'Braide', 'Faith.Braide', 'USER', '8171677693', '\"\"', 'USER', '', '', '', '95', 'DE:2022/TR/34', '\"\"', '', '', '2024-05-14 11:50:50', '2024-05-14 11:50:50'),
(95, 'CAOSCE', 'KINIKA', 'CHINWENWO', 'KINIKA.CHINWENWO', 'USER', '9072021156', '\"\"', 'USER', '', '', '', '94', 'DE:2020/7444', '\"\"', '', '', '2024-05-14 11:50:50', '2024-05-14 11:50:50'),
(96, 'CAOSCE', 'Victory', 'Pyakanee', 'Victory.Pyakanee', 'USER', '9014151689', '\"\"', 'USER', '', '', '', '96', 'DE_2022/1822', '\"\"', '', '', '2024-05-14 11:50:50', '2024-05-14 11:50:50'),
(97, 'CAOSCE', 'Korubo', 'Courage', 'Korubo.Courage', 'USER', '7042536748', '\"\"', 'USER', '', '', '', '97', 'DE:2022/TR/0031', '\"\"', '', '', '2024-05-14 11:50:50', '2024-05-14 11:50:50'),
(98, 'CAOSCE', 'Genevieve', 'Armstrong-Anyanwu', 'Genevieve.Armstrong-Anyanwu', 'USER', '8100604697', '\"\"', 'USER', '', '', '', '99', 'DE:2022/TR/0035', '\"\"', '', '', '2024-05-14 11:50:50', '2024-05-14 11:50:50'),
(99, 'CAOSCE', 'TAIWO', 'OGUNSOLA', 'TAIWO.OGUNSOLA', 'USER', '8154911999', '\"\"', 'USER', '', '', '', '101', 'DE:2022/1775', '\"\"', '', '', '2024-05-14 11:50:50', '2024-05-14 11:50:50'),
(100, 'CAOSCE', 'ESEOSA', 'OGBEIDE', 'ESEOSA.OGBEIDE', 'USER', '8068653818', '\"\"', 'USER', '', '', '', '100', 'DE:2022/1792', '\"\"', '', '', '2024-05-14 11:50:50', '2024-05-14 11:50:50'),
(101, 'CAOSCE', 'Emmanuella', 'Eferegbo', 'Emmanuella.Eferegbo', '', '7062448931', '\"\"', 'USER', '', '', '', '98', 'DE:2022/1823', '\"\"', '', '', '2024-05-14 11:50:50', '2024-05-14 11:50:50'),
(102, 'CAOSCE', 'Favour', 'Nwaufa', 'Favour.Nwaufa', 'USER', '9013195372', '\"\"', 'USER', '', '', '', '102', 'DE:2022/1806', '\"\"', '', '', '2024-05-14 11:50:50', '2024-05-14 11:50:50'),
(103, 'CAOSCE', 'Tracy', 'mgbe-chukwu', 'Tracy.mgbe-chukwu', 'USER', '7086206529', '\"\"', 'USER', '', '', '', '104', 'DE:2020/7449', '\"\"', '', '', '2024-05-14 11:50:50', '2024-05-14 11:50:50'),
(104, 'CAOSCE', 'PRINCESS', 'AMADI', 'PRINCESS.AMADI', '', '8149242600', '\"\"', 'USER', '', '', '', '107', 'DE:2022/1770', '\"\"', '', '', '2024-05-14 11:50:50', '2024-05-14 11:50:50'),
(105, 'CAOSCE', 'Confidence', 'Owuru', 'Confidence.Owuru', '', '9060996327', '\"\"', 'USER', '', '', '', '105', 'DE:2022/1795', '\"\"', '', '', '2024-05-14 11:50:50', '2024-05-14 11:50:50'),
(106, 'CAOSCE', 'EBI', 'CHINAZA', 'EBI.CHINAZA', '', '7045230797', '\"\"', 'USER', '', '', '', '103', 'DE:2022/1853', '\"\"', '', '', '2024-05-14 11:50:50', '2024-05-14 11:50:50'),
(107, 'CAOSCE', 'Divine', 'Ekiyor', 'Divine.Ekiyor', '', '7016406129', '\"\"', 'USER', '', '', '', '106', 'DE:2022/1829', '\"\"', '', '', '2024-05-14 11:50:50', '2024-05-14 11:50:50'),
(108, 'CAOSCE', 'Tamunosaki', 'Sanipe', 'Tamunosaki.Sanipe', '', '9017545797', '\"\"', 'USER', '', '', '', '108', 'DE:2022/1831', '\"\"', '', '', '2024-05-14 11:50:50', '2024-05-14 11:50:50'),
(109, 'CAOSCE', 'Mmesoma', 'Nnaemeka', 'Mmesoma.Nnaemeka', '', '9045994705', '\"\"', 'USER', '', '', '', '110', 'DE:2022/1813', '\"\"', '', '', '2024-05-14 11:50:50', '2024-05-14 11:50:50'),
(110, 'CAOSCE', 'Joseph', 'Ebube', 'Joseph.Ebube', '', '8149417589', '\"\"', 'USER', '', '', '', '113', 'DE:2022/1798', '\"\"', '', '', '2024-05-14 11:50:50', '2024-05-14 11:50:50'),
(111, 'CAOSCE', 'Gloria', 'ihueze', 'Gloria.ihueze', '', '8077101043', '\"\"', 'USER', '', '', '', '112', 'DE:2020/7411', '\"\"', '', '', '2024-05-14 11:50:50', '2024-05-14 11:50:50'),
(112, 'CAOSCE', 'PRINCESS', 'EFFIONG', 'PRINCESS.EFFIONG', '', '9030835937', '\"\"', 'USER', '', '', '', '111', 'DE:2020/1844', '\"\"', '', '', '2024-05-14 11:50:50', '2024-05-14 11:50:50'),
(113, 'CAOSCE', 'Opara,', 'Perpetua', 'Opara,.Perpetua', '', '9071130287', '\"\"', 'USER', '', '', '', '109', 'DE:2022/1769', '\"\"', '', '', '2024-05-14 11:50:50', '2024-05-14 11:50:50'),
(114, 'CAOSCE', 'Nwosu', 'Eberechukwu', 'Nwosu.Eberechukwu', '', '8160689902', '\"\"', 'USER', '', '', '', '114', 'DE:2022/1812', '\"\"', '', '', '2024-05-14 11:50:50', '2024-05-14 11:50:50'),
(115, 'CAOSCE', 'Destiny', 'Sebastian', 'Destiny.Sebastian', '', '9041338324', '\"\"', 'USER', '', '', '', '116', 'DE:2022/1849', '\"\"', '', '', '2024-05-14 11:50:50', '2024-05-14 11:50:50'),
(116, 'CAOSCE', 'Favour', 'Onyeche', 'Favour.Onyeche', '', '8109169810', '\"\"', 'USER', '', '', '', '117', 'DE:2022/1830', '\"\"', '', '', '2024-05-14 11:50:50', '2024-05-14 11:50:50'),
(117, 'CAOSCE', 'MICHELLE', 'UFOT', 'MICHELLE.UFOT', '', '9054433956', '\"\"', 'USER', '', '', '', '119', 'DE:2022/1833', '\"\"', '', '', '2024-05-14 11:50:50', '2024-05-14 11:50:50'),
(118, 'CAOSCE', 'Adinnu', 'Jane', 'Adinnu.Jane', '', '8034720114', '\"\"', 'USER', '', '', '', '118', 'DE:2022/1815', '\"\"', '', '', '2024-05-14 11:50:50', '2024-05-14 11:50:50'),
(119, 'CAOSCE', 'Honshell', 'Chimka', 'Honshell.Chimka', '', '8167774516', '\"\"', 'USER', '', '', '', '115', 'DE:2022/1861', '\"\"', '', '', '2024-05-14 11:50:50', '2024-05-14 11:50:50'),
(120, 'CAOSCE', 'MFON-OBONG', 'UDOH', 'MFON-OBONG.UDOH', '', '9014346611', '\"\"', 'USER', '', '', '', '120', 'DE:2022/1825', '\"\"', '', '', '2024-05-14 11:50:50', '2024-05-14 11:50:50'),
(121, 'CAOSCE', 'DEBORAH', 'AMANAM', 'DEBORAH.AMANAM', '', '9035031946', '\"\"', 'USER', '', '', '', '122', 'DE:2022/1784', '\"\"', '', '', '2024-05-14 11:50:50', '2024-05-14 11:50:50'),
(122, 'CAOSCE', 'Elizabeth', 'Raphael', 'Elizabeth.Raphael', '', '8161140458', '\"\"', 'USER', '', '', '', '123', 'DE:2022/1810', '\"\"', '', '', '2024-05-14 11:50:50', '2024-05-14 11:50:50'),
(123, 'CAOSCE', 'Enyie', 'Ugochukwu', 'Enyie.Ugochukwu', '', '9032670089', '\"\"', 'USER', '', '', '', '121', 'DE:2021/5517', '\"\"', '', '', '2024-05-14 11:50:50', '2024-05-14 11:50:50'),
(124, 'CAOSCE', 'OFORU', 'OBARIDO', 'OFORU.OBARIDO', '', '8022022173', '\"\"', 'USER', '', '', '', '124', 'DE:022/1846', '\"\"', '', '', '2024-05-14 11:50:50', '2024-05-14 11:50:50'),
(125, 'CAOSCE', 'Essien', 'Sunday', 'Essien.Sunday', '', '9019475683', '\"\"', 'USER', '', '', '', '125', 'DE:2020/7408', '\"\"', '', '', '2024-05-14 11:50:50', '2024-05-14 11:50:50'),
(126, 'CAOSCE', 'FAVOUR', 'PETERS', 'FAVOUR.PETERS', '', '7046279254', '\"\"', 'USER', '', '', '', '126', 'DE:2022/1771', '\"\"', '', '', '2024-05-14 11:50:50', '2024-05-14 11:50:50'),
(127, 'CAOSCE', 'Favourite', 'Nduka', 'Favourite.Nduka', '', '8104257853', '\"\"', 'USER', '', '', '', '129', 'DE:2022/1816', '\"\"', '', '', '2024-05-14 11:50:50', '2024-05-14 11:50:50'),
(128, 'CAOSCE', 'Happiness', 'Nkemjika', 'Happiness.Nkemjika', '', '7046914824', '\"\"', 'USER', '', '', '', '127', 'DE:2021/5867', '\"\"', '', '', '2024-05-14 11:50:50', '2024-05-14 11:50:50'),
(129, 'CAOSCE', 'Akaninwor', 'chimburoma', 'Akaninwor.chimburoma', '', '9033026640', '\"\"', 'USER', '', '', '', '128', 'DE:2021/0241', '\"\"', '', '', '2024-05-14 11:50:50', '2024-05-14 11:50:50'),
(130, 'CAOSCE', 'Glad', 'okoli', 'Glad.okoli', '', '9133905109', '\"\"', 'USER', '', '', '', '130', 'DE:2019/7419', '\"\"', '', '', '2024-05-14 11:50:50', '2024-05-14 11:50:50'),
(131, 'CAOSCE', 'Rita', 'Suru', 'Rita.Suru', '', '9157607490', '\"\"', 'USER', '', '', '', '131', 'DE:2021/5480', '\"\"', '', '', '2024-05-14 11:50:50', '2024-05-14 11:50:50'),
(132, 'CAOSCE', 'Temitope', 'Irewole', 'Temitope.Irewole', '', '9066037596', '\"\"', 'USER', '', '', '', '134', 'DE:2022/1767', '\"\"', '', '', '2024-05-14 11:50:50', '2024-05-14 11:50:50'),
(133, 'CAOSCE', 'Zinabari', 'Alo-bari', 'Zinabari.Alo-bari', '', '8110626431', '\"\"', 'USER', '', '', '', '132', 'DE:2022/1797', '\"\"', '', '', '2024-05-14 11:50:50', '2024-05-14 11:50:50'),
(134, 'CAOSCE', 'Chuku', 'nhachituru', 'Chuku.nhachituru', '', '9153114401', '\"\"', 'USER', '', '', '', '133', 'DE:022/1782', '\"\"', '', '', '2024-05-14 11:50:50', '2024-05-14 11:50:50'),
(135, 'CAOSCE', 'CYPRIAN', 'CHILOWEH', 'CYPRIAN.CHILOWEH', '', '9072411888', '\"\"', 'USER', '', '', '', '135', 'DE:2022/1809', '\"\"', '', '', '2024-05-14 11:50:50', '2024-05-14 11:50:50'),
(136, 'CAOSCE', 'Praise', 'Ikpefuran', 'Praise.Ikpefuran', '', '7046466046', '\"\"', 'USER', '', '', '', '136', 'DE:2022/1766', '\"\"', '', '', '2024-05-14 11:50:51', '2024-05-14 11:50:51'),
(137, 'CAOSCE', 'QueenEsther', 'Owen', 'QueenEsther.Owen', '', '8050387730', '\"\"', 'USER', '', '', '', '137', 'DE:2022/1807', '\"\"', '', '', '2024-05-14 11:50:51', '2024-05-14 11:50:51'),
(138, 'CAOSCE', 'IMMACULATE', 'EJIE', 'IMMACULATE.EJIE', '', '9155827496', '\"\"', 'USER', '', '', '', '138', 'DE:2022/1841', '\"\"', '', '', '2024-05-14 11:50:51', '2024-05-14 11:50:51'),
(139, 'CAOSCE', 'LETOM', 'DUMBOR-EREBA', 'LETOM.DUMBOR-EREBA', '', '7016923635', '\"\"', 'USER', '', '', '', '139', 'DE:2022/1796', '\"\"', '', '', '2024-05-14 11:50:51', '2024-05-14 11:50:51'),
(140, 'CAOSCE', 'Divine', 'Ugwuegbu', 'Divine.Ugwuegbu', '', '9018997404', '\"\"', 'USER', '', '', '', '140', 'DE:2022/1768', '\"\"', '', '', '2024-05-14 11:50:51', '2024-05-14 11:50:51'),
(141, 'CAOSCE', 'Onyemauwa', 'Feechukwu', 'Onyemauwa.Feechukwu', '', '8167043432', '\"\"', 'USER', '', '', '', '142', 'DE:2020/7413', '\"\"', '', '', '2024-05-14 11:50:51', '2024-05-14 11:50:51'),
(142, 'CAOSCE', 'CONFIDENCE', '', 'CONFIDENCE.', '', '7012793879', '\"\"', 'USER', '', '', '', '141', 'DE:2021/5856', '\"\"', '', '', '2024-05-14 11:50:51', '2024-05-14 11:50:51'),
(143, 'CAOSCE', 'EMMANUELLA', 'NWANKWO', 'EMMANUELLA.NWANKWO', '', '8068267340', '\"\"', 'USER', '', '', '', '144', 'DE:2022/1776', '\"\"', '', '', '2024-05-14 11:50:51', '2024-05-14 11:50:51'),
(144, 'CAOSCE', 'Sarima', 'Harcourt-Whyte', 'Sarima.Harcourt-Whyte', '', '8177393147', '\"\"', 'USER', '', '', '', '143', 'DE:2022/1664', '\"\"', '', '', '2024-05-14 11:50:51', '2024-05-14 11:50:51'),
(145, 'CAOSCE', 'Faith', 'Wodi', 'Faith.Wodi', '', '8100880663', '\"\"', 'USER', '', '', '', '146', 'DE:2022/1774', '\"\"', '', '', '2024-05-14 11:50:51', '2024-05-14 11:50:51'),
(146, 'CAOSCE', 'FAVOUR', 'CLARKSON', 'FAVOUR.CLARKSON', '', '8083408914', '\"\"', 'USER', '', '', '', '147', 'DE:2022/1817', '\"\"', '', '', '2024-05-14 11:50:51', '2024-05-14 11:50:51'),
(147, 'CAOSCE', 'Amaechi', 'Nkemnelem', 'Amaechi.Nkemnelem', '', '9026924753', '\"\"', 'USER', '', '', '', '145', 'DE:2022/TR/0033', '\"\"', '', '', '2024-05-14 11:50:51', '2024-05-14 11:50:51'),
(148, 'CAOSCE', 'BARISI', 'SAMUEL', 'BARISI.SAMUEL', '', '9154155112', '\"\"', 'USER', '', '', '', '148', 'DE:2022/1862', '\"\"', '', '', '2024-05-14 11:50:51', '2024-05-14 11:50:51'),
(149, 'CAOSCE', 'Caroline.Ezekiel-hart', '', 'Caroline.Ezekiel-hart.', '', '8169124077', '\"\"', 'USER', '', '', '', '150', 'DE:2019/4192', '\"\"', '', '', '2024-05-14 11:50:51', '2024-05-14 11:50:51'),
(150, 'CAOSCE', 'Joy', 'Udechukwu', 'Joy.Udechukwu', '', '8142291883', '\"\"', 'USER', '', '', '', '149', 'DE:2020/7417', '\"\"', '', '', '2024-05-14 11:50:51', '2024-05-14 11:50:51'),
(151, 'CAOSCE', 'Emmanuel', 'Ovie', 'Emmanuel.Ovie', '', '9061431331', '\"\"', 'USER', '', '', '', '151', 'DE:2022/1848', '\"\"', '', '', '2024-05-14 11:50:51', '2024-05-14 11:50:51'),
(152, 'CAOSCE', 'Nicole', 'Iwoloma', 'Nicole.Iwoloma', '', '7039167201', '\"\"', 'USER', '', '', '', '153', 'DE:2021/5497', '\"\"', '', '', '2024-05-14 11:50:51', '2024-05-14 11:50:51'),
(153, 'CAOSCE', 'Gowon', '', 'Gowon.', '', '7026671101', '\"\"', 'USER', '', '', '', '152', 'DE:2021/5852', '\"\"', '', '', '2024-05-14 11:50:51', '2024-05-14 11:50:51'),
(154, 'CAOSCE', 'DIVINE', 'ORUOBU', 'DIVINE.ORUOBU', '', '8140008665', '\"\"', 'USER', '', '', '', '155', 'DE:2021/5475', '\"\"', '', '', '2024-05-14 11:50:51', '2024-05-14 11:50:51'),
(155, 'CAOSCE', 'Princess', 'Bede', 'Princess.Bede', '', '7062831414', '\"\"', 'USER', '', '', '', '156', 'DE:2021/5483', '\"\"', '', '', '2024-05-14 11:50:51', '2024-05-14 11:50:51'),
(156, 'CAOSCE', 'Ejitogute', 'Grace', 'Ejitogute.Grace', '', '9156057869', '\"\"', 'USER', '', '', '', '154', 'DE:2022/1827', '\"\"', '', '', '2024-05-14 11:50:51', '2024-05-14 11:50:51'),
(157, 'CAOSCE', 'Osita', 'marycynthia', 'Osita.marycynthia', '', '8149480208', '\"\"', 'USER', '', '', '', '157', 'DE:2022/1819', '\"\"', '', '', '2024-05-14 11:50:51', '2024-05-14 11:50:51'),
(158, 'CAOSCE', 'Nugha-Clement', '', 'Nugha-Clement.', '', '8109576274', '\"\"', 'USER', '', '', '', '158', 'DE:2020/7404', '\"\"', '', '', '2024-05-14 11:50:52', '2024-05-14 11:50:52'),
(159, 'CAOSCE', 'Peters', 'enaanmasebth', 'Peters.enaanmasebth', '', '8137279889', '\"\"', 'USER', '', '', '', '161', 'DE:2022/1826', '\"\"', '', '', '2024-05-14 11:50:52', '2024-05-14 11:50:52'),
(160, 'CAOSCE', 'Nnenna', 'Odum', 'Nnenna.Odum', '', '7018813662', '\"\"', 'USER', '', '', '', '160', 'DE:2022/1791', '\"\"', '', '', '2024-05-14 11:50:52', '2024-05-14 11:50:52'),
(161, 'CAOSCE', 'Kingsley', '', 'Kingsley.', '', '91633458897', '\"\"', 'USER', '', '', '', '162', 'DE:2021/5489', '\"\"', '', '', '2024-05-14 11:50:52', '2024-05-14 11:50:52'),
(162, 'CAOSCE', 'Emmanuella', 'Ogbonnaya', 'Emmanuella.Ogbonnaya', '', '8111485690', '\"\"', 'USER', '', '', '', '159', 'DE:2022/1790', '\"\"', '', '', '2024-05-14 11:50:52', '2024-05-14 11:50:52'),
(163, 'CAOSCE', 'Emmanuel', 'Osiagor', 'Emmanuel.Osiagor', '', '8143028356', '\"\"', 'USER', '', '', '', '163', 'DE:2022/1783', '\"\"', '', '', '2024-05-14 11:50:52', '2024-05-14 11:50:52'),
(164, 'CAOSCE', 'Dappa', 'Diima', 'Dappa.Diima', '', '8164019074', '\"\"', 'USER', '', '', '', '164', 'DE:2020/7425', '\"\"', '', '', '2024-05-14 11:50:52', '2024-05-14 11:50:52'),
(165, 'CAOSCE', 'Chigeru', '', 'Chigeru.', '', '8108230806', '\"\"', 'USER', '', '', '', '166', 'DE:2022/1863', '\"\"', '', '', '2024-05-14 11:50:52', '2024-05-14 11:50:52'),
(166, 'CAOSCE', 'Dede', 'Nhachikaru', 'Dede.Nhachikaru', '', '9056094076', '\"\"', 'USER', '', '', '', '165', 'DE:2022/1856', '\"\"', '', '', '2024-05-14 11:50:52', '2024-05-14 11:50:52'),
(167, 'CAOSCE', 'Taanadeebabari', 'Menegbo', 'Taanadeebabari.Menegbo', '', '7031923720', '\"\"', 'USER', '', '', '', '167', 'DE:2021/5869', '\"\"', '', '', '2024-05-14 11:50:52', '2024-05-14 11:50:52'),
(168, 'CAOSCE', 'MARGARET', 'OKPOK', 'MARGARET.OKPOK', '', '9031914787', '\"\"', 'USER', '', '', '', '168', 'DE:2022/1787', '\"\"', '', '', '2024-05-14 11:50:52', '2024-05-14 11:50:52'),
(169, 'CAOSCE', 'Ikechi', 'Chiamaka', 'Ikechi.Chiamaka', '', '8084346449', '\"\"', 'USER', '', '', '', '169', 'DE:2022/1832', '\"\"', '', '', '2024-05-14 11:50:52', '2024-05-14 11:50:52'),
(170, 'CAOSCE', 'MOTANYA', 'MIRACLE', 'MOTANYA.MIRACLE', '', '7015217660', '\"\"', 'USER', '', '', '', '171', 'DE:2021/5502', '\"\"', '', '', '2024-05-14 11:50:52', '2024-05-14 11:50:52'),
(171, 'CAOSCE', 'Ogbuehi', 'Ijeoma', 'Ogbuehi.Ijeoma', '', '7087796908', '\"\"', 'USER', '', '', '', '172', 'DE:2020/7459', '\"\"', '', '', '2024-05-14 11:50:52', '2024-05-14 11:50:52'),
(172, 'CAOSCE', 'AYOBAMI', 'AKANNI', 'AYOBAMI.AKANNI', '', '9029109398', '\"\"', 'USER', '', '', '', '170', 'DE:2022/1821', '\"\"', '', '', '2024-05-14 11:50:52', '2024-05-14 11:50:52'),
(173, 'CAOSCE', 'Amarachi,Esther,Enyinnaya', '', 'Amarachi,Esther,Enyinnaya.', '', '8075187993', '\"\"', 'USER', '', '', '', '173', 'DE:2020/7429', '\"\"', '', '', '2024-05-14 11:50:52', '2024-05-14 11:50:52'),
(174, 'CAOSCE', 'BARIMA', '', 'BARIMA.', '', '9137401034', '\"\"', 'USER', '', '', '', '175', 'DE:2021/9628', '\"\"', '', '', '2024-05-14 11:50:52', '2024-05-14 11:50:52'),
(175, 'CAOSCE', 'Uwem', 'Paulinus', 'Uwem.Paulinus', '', '7042014121', '\"\"', 'USER', '', '', '', '174', 'DE:2022/1780', '\"\"', '', '', '2024-05-14 11:50:52', '2024-05-14 11:50:52'),
(176, 'CAOSCE', 'VICTORY', 'MUESI', 'VICTORY.MUESI', '', '8109666407', '\"\"', 'USER', '', '', '', '177', 'DE:2022/1820', '\"\"', '', '', '2024-05-14 11:50:52', '2024-05-14 11:50:52'),
(177, 'CAOSCE', 'IBIFURO', 'SOKARI', 'IBIFURO.SOKARI', '', '9122136253', '\"\"', 'USER', '', '', '', '176', 'DE:2020/7491', '\"\"', '', '', '2024-05-14 11:50:52', '2024-05-14 11:50:52'),
(178, 'CAOSCE', 'Treasure', 'Chinedu', 'Treasure.Chinedu', '', '7066696333', '\"\"', 'USER', '', '', '', '178', 'DE:2020/7433', '\"\"', '', '', '2024-05-14 11:50:52', '2024-05-14 11:50:52'),
(179, 'CAOSCE', 'ASUKU', '', 'ASUKU.', '', '7037942339', '\"\"', 'USER', '', '', '', '180', 'DE:2022/TR/0029', '\"\"', '', '', '2024-05-14 11:50:52', '2024-05-14 11:50:52'),
(180, 'CAOSCE', 'Nafisatu', '', 'Nafisatu.', '', '8061369508', '\"\"', 'USER', '', '', '', '181', 'DE:2022/1855', '\"\"', '', '', '2024-05-14 11:50:52', '2024-05-14 11:50:52'),
(181, 'CAOSCE', 'Ikebenson', 'Upadhi', 'Ikebenson.Upadhi', '', '7080514559', '\"\"', 'USER', '', '', '', '179', 'DE:2019/7441', '\"\"', '', '', '2024-05-14 11:50:52', '2024-05-14 11:50:52'),
(182, 'CAOSCE', 'FAITH.KOMENE', '', 'FAITH.KOMENE.', '', '7044052451', '\"\"', 'USER', '', '', '', '182', 'DE:2021/5858', '\"\"', '', '', '2024-05-14 11:50:52', '2024-05-14 11:50:52'),
(183, 'CAOSCE', 'Emmanuella', 'Cole', 'Emmanuella.Cole', '', '8168261957', '\"\"', 'USER', '', '', '', '184', 'DE:2022/1777', '\"\"', '', '', '2024-05-14 11:50:52', '2024-05-14 11:50:52'),
(184, 'CAOSCE', 'PEARL', 'CHET-ELLEH', 'PEARL.CHET-ELLEH', '', '8163629680', '\"\"', 'USER', '', '', '', '183', 'DE:2022/1793', '\"\"', '', '', '2024-05-14 11:50:52', '2024-05-14 11:50:52'),
(185, 'CAOSCE', 'Enwereji', 'chidinma', 'Enwereji.chidinma', '', '8109782828', '\"\"', 'USER', '', '', '', '185', 'DE:2021/5518', '\"\"', '', '', '2024-05-14 11:50:52', '2024-05-14 11:50:52'),
(186, 'CAOSCE', 'Umeh', 'Sandra', 'Umeh.Sandra', '', '8104919815', '\"\"', 'USER', '', '', '', '187', 'DE:2022/1803', '\"\"', '', '', '2024-05-14 11:50:52', '2024-05-14 11:50:52'),
(187, 'CAOSCE', 'Sarah-Topaz', 'Alpha', 'Sarah-Topaz.Alpha', '', '8109462991', '\"\"', 'USER', '', '', '', '186', 'DE:2022/1799', '\"\"', '', '', '2024-05-14 11:50:52', '2024-05-14 11:50:52'),
(188, 'CAOSCE', 'Okafor', 'Judith', 'Okafor.Judith', '', '8162846969', '\"\"', 'USER', '', '', '', '188', 'DE:2022/1805', '\"\"', '', '', '2024-05-14 11:50:52', '2024-05-14 11:50:52'),
(189, 'CAOSCE', 'Emmanuella', 'Tamama', 'Emmanuella.Tamama', '', '8105600739', '\"\"', 'USER', '', '', '', '189', 'DE:2022/1839', '\"\"', '', '', '2024-05-14 11:50:52', '2024-05-14 11:50:52'),
(190, 'CAOSCE', 'Okafor', 'Chiamaka', 'Okafor.Chiamaka', '', '8142438341', '\"\"', 'USER', '', '', '', '190', 'DE:2021/5484', '\"\"', '', '', '2024-05-14 11:50:52', '2024-05-14 11:50:52'),
(191, 'CAOSCE', 'Favour', 'Whyte', 'Favour.Whyte', '', '9031419640', '\"\"', 'USER', '', '', '', '193', 'DE:2021/5864', '\"\"', '', '', '2024-05-14 11:50:52', '2024-05-14 11:50:52'),
(192, 'CAOSCE', 'Akama', 'Ayei', 'Akama.Ayei', '', '8123055084', '\"\"', 'USER', '', '', '', '191', 'DE:2021/2304', '\"\"', '', '', '2024-05-14 11:50:52', '2024-05-14 11:50:52'),
(193, 'CAOSCE', 'Glory,', '', 'Glory,.', '', '8105731428', '\"\"', 'USER', '', '', '', '192', 'De:2021/5872', '\"\"', '', '', '2024-05-14 11:50:52', '2024-05-14 11:50:52'),
(194, 'CAOSCE', 'AJADU', 'NNEOMA', 'AJADU.NNEOMA', '', '8067914572', '\"\"', 'USER', '', '', '', '194', 'Trans.2022/072', '\"\"', '', '', '2024-05-14 11:50:52', '2024-05-14 11:50:52'),
(195, 'CAOSCE', 'ABDULLAHI', '', 'ABDULLAHI.', '', '9050530013', '\"\"', 'USER', '', '', '', '195', 'DE:2020/7409', '\"\"', '', '', '2024-05-14 11:50:52', '2024-05-14 11:50:52'),
(196, 'CAOSCE', 'Moses', 'Stephen', 'Moses.Stephen', '', '7033683119', '\"\"', 'USER', '', '', '', '196', 'DE:2021/5495', '\"\"', '', '', '2024-05-14 11:50:52', '2024-05-14 11:50:52'),
(197, 'CAOSCE', 'Oruan', 'Inmo-ode', 'Oruan.Inmo-ode', '', '8179733369', '\"\"', 'USER', '', '', '', '198', 'DE:2022/1054', '\"\"', '', '', '2024-05-14 11:50:52', '2024-05-14 11:50:52'),
(198, 'CAOSCE', 'Victor', 'Omezie', 'Victor.Omezie', '', '8148069907', '\"\"', 'USER', '', '', '', '197', 'DE:2021/5513', '\"\"', '', '', '2024-05-14 11:50:52', '2024-05-14 11:50:52'),
(199, 'CAOSCE', 'Igwe', 'chinedu', 'Igwe.chinedu', '', '7065391954', '\"\"', 'USER', '', '', '', '199', 'DE:2021/5508', '\"\"', '', '', '2024-05-14 11:50:52', '2024-05-14 11:50:52'),
(200, 'CAOSCE', 'Ikisa', 'Ibiere', 'Ikisa.Ibiere', '', '9161056726', '\"\"', 'USER', '', '', '', '201', 'DE:2021/5491', '\"\"', '', '', '2024-05-14 11:50:52', '2024-05-14 11:50:52'),
(201, 'CAOSCE', 'Friday', 'Awilika', 'Friday.Awilika', '', '9136162169', '\"\"', 'USER', '', '', '', '200', 'DE:2021/5515', '\"\"', '', '', '2024-05-14 11:50:52', '2024-05-14 11:50:52'),
(202, 'CAOSCE', 'Bagshaw', '', 'Bagshaw.', '', '8139903384', '\"\"', 'USER', '', '', '', '202', 'DE:2021/5847', '\"\"', '', '', '2024-05-14 11:50:52', '2024-05-14 11:50:52'),
(203, 'CAOSCE', 'Chidalu', 'Okafor', 'Chidalu.Okafor', '', '8103360463', '\"\"', 'USER', '', '', '', '204', 'DE:2022/1804', '\"\"', '', '', '2024-05-14 11:50:52', '2024-05-14 11:50:52'),
(204, 'CAOSCE', 'Glory', 'Chidiadi', 'Glory.Chidiadi', '', '9049197739', '\"\"', 'USER', '', '', '', '205', 'DE:2022/1845', '\"\"', '', '', '2024-05-14 11:50:52', '2024-05-14 11:50:52'),
(205, 'CAOSCE', 'Andrew', 'Tamunodiepriye', 'Andrew.Tamunodiepriye', '', '8131398772', '\"\"', 'USER', '', '', '', '207', 'DE:202/7415', '\"\"', '', '', '2024-05-14 11:50:52', '2024-05-14 11:50:52'),
(206, 'CAOSCE', 'ATURA', '', 'ATURA.', '', '9071412956', '\"\"', 'USER', '', '', '', '206', 'DE:2021/2308', '\"\"', '', '', '2024-05-14 11:50:52', '2024-05-14 11:50:52'),
(207, 'CAOSCE', 'Goodness', 'Wobidi', 'Goodness.Wobidi', '', '8129429301', '\"\"', 'USER', '', '', '', '203', 'DE:2022/1857', '\"\"', '', '', '2024-05-14 11:50:52', '2024-05-14 11:50:52'),
(208, 'CAOSCE', 'ELECHI', '', 'ELECHI.', '', '8066750830', '\"\"', 'USER', '', '', '', '208', 'DE:2021/5876', '\"\"', '', '', '2024-05-14 11:50:52', '2024-05-14 11:50:52'),
(209, 'CAOSCE', 'Kilsi', 'Lekagah', 'Kilsi.Lekagah', '', '8127578317', '\"\"', 'USER', '', '', '', '209', 'DE:2021/5504', '\"\"', '', '', '2024-05-14 11:50:53', '2024-05-14 11:50:53'),
(210, 'CAOSCE', 'Sylvia', 'Chukwuemeka', 'Sylvia.Chukwuemeka', '', '8144381315', '\"\"', 'USER', '', '', '', '212', 'DE:2021/5485', '\"\"', '', '', '2024-05-14 11:50:53', '2024-05-14 11:50:53'),
(211, 'CAOSCE', 'Victory', '', 'Victory.', '', '9020076032', '\"\"', 'USER', '', '', '', '213', 'DE:2019/7458', '\"\"', '', '', '2024-05-14 11:50:53', '2024-05-14 11:50:53'),
(212, 'CAOSCE', 'Victory', 'Moses', 'Victory.Moses', '', '9074915498', '\"\"', 'USER', '', '', '', '211', 'DE:2021/5493', '\"\"', '', '', '2024-05-14 11:50:53', '2024-05-14 11:50:53'),
(213, 'CAOSCE', 'GODKNOWS-NNYECHE', 'NKESI', 'GODKNOWS-NNYECHE.NKESI', '', '8064135367', '\"\"', 'USER', '', '', '', '210', 'DE:2021/5487', '\"\"', '', '', '2024-05-14 11:50:53', '2024-05-14 11:50:53'),
(214, 'CAOSCE', 'Tamunonengiyeofori', 'Fibika', 'Tamunonengiyeofori.Fibika', '', '8131669881', '\"\"', 'USER', '', '', '', '214', 'DE:2021/5873', '\"\"', '', '', '2024-05-14 11:50:53', '2024-05-14 11:50:53'),
(215, 'CAOSCE', 'Success', 'Akujuru', 'Success.Akujuru', '', '9037094154', '\"\"', 'USER', '', '', '', '215', 'DE:2019/7459', '\"\"', '', '', '2024-05-14 11:50:53', '2024-05-14 11:50:53'),
(216, 'CAOSCE', 'Ben', 'ThankGod', 'Ben.ThankGod', '', '9053117762', '\"\"', 'USER', '', '', '', '216', 'DE:2021/5855', '\"\"', '', '', '2024-05-14 11:50:53', '2024-05-14 11:50:53'),
(217, 'CAOSCE', 'Light', 'Owhonda', 'Light.Owhonda', '', '9139255155', '\"\"', 'USER', '', '', '', '219', 'DE:2021/4775', '\"\"', '', '', '2024-05-14 11:50:53', '2024-05-14 11:50:53'),
(218, 'CAOSCE', 'Favour', 'Favour', 'Favour.Favour', '', '9166386805', '\"\"', 'USER', '', '', '', '220', 'DE:2021/5516', '\"\"', '', '', '2024-05-14 11:50:53', '2024-05-14 11:50:53'),
(219, 'CAOSCE', 'Favour', 'Abimbola', 'Favour.Abimbola', '', '9139227579', '\"\"', 'USER', '', '', '', '218', 'DE:2021/5482', '\"\"', '', '', '2024-05-14 11:50:53', '2024-05-14 11:50:53'),
(220, 'CAOSCE', 'GRACE', 'NANEE', 'GRACE.NANEE', '', '9121067965', '\"\"', 'USER', '', '', '', '217', 'DE:2021/5490', '\"\"', '', '', '2024-05-14 11:50:53', '2024-05-14 11:50:53'),
(221, 'CAOSCE', 'Gloria', 'Osigwe', 'Gloria.Osigwe', '', '8076830621', '\"\"', 'USER', '', '', '', '222', 'DE:2019/7941', '\"\"', '', '', '2024-05-14 11:50:53', '2024-05-14 11:50:53'),
(222, 'CAOSCE', 'Anita', 'Kalagbor', 'Anita.Kalagbor', '', '7063288434', '\"\"', 'USER', '', '', '', '221', 'DE:2021/4757', '\"\"', '', '', '2024-05-14 11:50:53', '2024-05-14 11:50:53'),
(223, 'CAOSCE', 'William', 'Asamonye', 'William.Asamonye', '', '7046796176', '\"\"', 'USER', '', '', '', '224', 'DE:2022/1800', '\"\"', '', '', '2024-05-14 11:50:53', '2024-05-14 11:50:53'),
(224, 'CAOSCE', 'Weje', 'chiedozie', 'Weje.chiedozie', '', '9136323966', '\"\"', 'USER', '', '', '', '225', 'DE:2019/7434', '\"\"', '', '', '2024-05-14 11:50:53', '2024-05-14 11:50:53'),
(225, 'CAOSCE', 'Victoria', 'Nwabueze', 'Victoria.Nwabueze', '', '8038789744', '\"\"', 'USER', '', '', '', '223', 'DE:2019/7940', '\"\"', '', '', '2024-05-14 11:50:53', '2024-05-14 11:50:53'),
(226, 'CAOSCE', 'Tovia', 'Amesi', 'Tovia.Amesi', '', '7032638469', '\"\"', 'USER', '', '', '', '226', 'DE:2021/5478', '\"\"', '', '', '2024-05-14 11:50:53', '2024-05-14 11:50:53'),
(227, 'CAOSCE', 'Mercy-divine', 'Tariah', 'Mercy-divine.Tariah', '', '9016726865', '\"\"', 'USER', '', '', '', '227', 'DE:2021/5507', '\"\"', '', '', '2024-05-14 11:50:53', '2024-05-14 11:50:53'),
(228, 'CAOSCE', 'Jewel', 'Ajinwo', 'Jewel.Ajinwo', '', '9049883450', '\"\"', 'USER', '', '', '', '228', 'DE:2021/5871', '\"\"', '', '', '2024-05-14 11:50:53', '2024-05-14 11:50:53'),
(229, 'CAOSCE', 'Amarachi', 'Ogbugo', 'Amarachi.Ogbugo', '', '7070791985', '\"\"', 'USER', '', '', '', '229', 'DE:2021/5511', '\"\"', '', '', '2024-05-14 11:50:53', '2024-05-14 11:50:53'),
(230, 'CAOSCE', 'Chidinma', 'Egbulefu', 'Chidinma.Egbulefu', '', '9090289143', '\"\"', 'USER', '', '', '', '230', 'DE:2020/7457', '\"\"', '', '', '2024-05-14 11:50:53', '2024-05-14 11:50:53'),
(231, 'CAOSCE', 'ADEOLA', 'TOLULOPE', 'ADEOLA.TOLULOPE', '', '8148890796', '\"\"', 'USER', '', '', '', '231', 'DE:2020/9433', '\"\"', '', '', '2024-05-14 11:50:53', '2024-05-14 11:50:53'),
(232, 'CAOSCE', 'Rhonda', 'Koroye', 'Rhonda.Koroye', '', '9031824857', '\"\"', 'USER', '', '', '', '232', 'DE:2020/7426', '\"\"', '', '', '2024-05-14 11:50:53', '2024-05-14 11:50:53'),
(233, 'CAOSCE', 'Sampson', 'Ahaoma', 'Sampson.Ahaoma', '', '8141292302', '\"\"', 'USER', '', '', '', '233', 'DE:2020/7461', '\"\"', '', '', '2024-05-14 11:50:53', '2024-05-14 11:50:53'),
(234, 'CAOSCE', 'Stephanie', 'Ndukwe', 'Stephanie.Ndukwe', '', '8135909703', '\"\"', 'USER', '', '', '', '235', 'DE:2020/7441', '\"\"', '', '', '2024-05-14 11:50:53', '2024-05-14 11:50:53'),
(235, 'CAOSCE', 'VICTORIA', 'JAMES', 'VICTORIA.JAMES', '', '8110820238', '\"\"', 'USER', '', '', '', '234', 'DE:2020/7434', '\"\"', '', '', '2024-05-14 11:50:53', '2024-05-14 11:50:53'),
(236, 'CAOSCE', 'HEPHZIBAH', 'AKPASI', 'HEPHZIBAH.AKPASI', '', '8102788929', '\"\"', 'USER', '', '', '', '236', 'DE:2020/7492', '\"\"', '', '', '2024-05-14 11:50:53', '2024-05-14 11:50:53'),
(237, 'CAOSCE', 'Oparaodu', 'Nkem', 'Oparaodu.Nkem', '', '9068501614', '\"\"', 'USER', '', '', '', '237', 'DE:2021/TR/0020', '\"\"', '', '', '2024-05-14 11:50:53', '2024-05-14 11:50:53'),
(238, 'CAOSCE', 'Peace', 'Benson', 'Peace.Benson', '', '8164386991', '\"\"', 'USER', '', '', '', '238', 'DE:2019/7949', '\"\"', '', '', '2024-05-14 11:50:53', '2024-05-14 11:50:53'),
(239, 'CAOSCE', 'Ayebanengimote', 'Ezeke', 'Ayebanengimote.Ezeke', '', '8081575752', '\"\"', 'USER', '', '', '', '240', 'DE:2020/7490', '\"\"', '', '', '2024-05-14 11:50:53', '2024-05-14 11:50:53'),
(240, 'CAOSCE', 'Toka', 'Barivure', 'Toka.Barivure', '', '9161257967', '\"\"', 'USER', '', '', '', '241', 'DE:2021/4830', '\"\"', '', '', '2024-05-14 11:50:53', '2024-05-14 11:50:53'),
(241, 'CAOSCE', 'COURAGE', 'EFOSA', 'COURAGE.EFOSA', '', '8169737604', '\"\"', 'USER', '', '', '', '239', 'DE:2020/7494', '\"\"', '', '', '2024-05-14 11:50:53', '2024-05-14 11:50:53'),
(242, 'CAOSCE', 'Neeuweh', 'Apollos', 'Neeuweh.Apollos', '', '9064148279', '\"\"', 'USER', '', '', '', '242', 'DE:2019/7460', '\"\"', '', '', '2024-05-14 11:50:53', '2024-05-14 11:50:53'),
(243, 'CAOSCE', 'Ogu', 'eberechuckwu', 'Ogu.eberechuckwu', '', '9049159431', '\"\"', 'USER', '', '', '', '243', 'DE:2021/5501', '\"\"', '', '', '2024-05-14 11:50:53', '2024-05-14 11:50:53'),
(244, 'CAOSCE', 'Alete', 'Chioma', 'Alete.Chioma', '', '8080252640', '\"\"', 'USER', '', '', '', '247', 'DE:2020/4716', '\"\"', '', '', '2024-05-14 11:50:53', '2024-05-14 11:50:53'),
(245, 'CAOSCE', 'Obianuju', 'Maclaen', 'Obianuju.Maclaen', '', '9038317725', '\"\"', 'USER', '', '', '', '244', 'DE:2021/7432', '\"\"', '', '', '2024-05-14 11:50:53', '2024-05-14 11:50:53'),
(246, 'CAOSCE', 'Charles', 'Richard-Welle', 'Charles.Richard-Welle', '', '8160595992', '\"\"', 'USER', '', '', '', '248', 'DE:2019/7416', '\"\"', '', '', '2024-05-14 11:50:53', '2024-05-14 11:50:53'),
(247, 'CAOSCE', 'Uche-Awulor', 'Chimazuruoke', 'Uche-Awulor.Chimazuruoke', '', '8071686126', '\"\"', 'USER', '', '', '', '246', 'DE:2021/5477', '\"\"', '', '', '2024-05-14 11:50:53', '2024-05-14 11:50:53'),
(248, 'CAOSCE', 'Obinna', 'Kelechi', 'Obinna.Kelechi', '', '9015035368', '\"\"', 'USER', '', '', '', '245', 'DE:2021/5851', '\"\"', '', '', '2024-05-14 11:50:53', '2024-05-14 11:50:53'),
(249, 'CAOSCE', 'JOSEPH', '', 'JOSEPH.', '', '90348292529', '\"\"', 'USER', '', '', '', '249', 'DE:2019/7953', '\"\"', '', '', '2024-05-14 11:50:53', '2024-05-14 11:50:53'),
(250, 'CAOSCE', 'Otelima', 'Ibinabo', 'Otelima.Ibinabo', '', '8083291163', '\"\"', 'USER', '', '', '', '251', 'DE:2019/7435', '\"\"', '', '', '2024-05-14 11:50:54', '2024-05-14 11:50:54'),
(251, 'CAOSCE', 'Beulah', 'Chinda', 'Beulah.Chinda', '', '9064904597', '\"\"', 'USER', '', '', '', '250', 'DE:2021/7410', '\"\"', '', '', '2024-05-14 11:50:54', '2024-05-14 11:50:54'),
(252, 'CAOSCE', 'Eniola', 'Bamigbopa', 'Eniola.Bamigbopa', '', '8129311781', '\"\"', 'USER', '', '', '', '252', 'DE:2022/1837', '\"\"', '', '', '2024-05-14 11:50:54', '2024-05-14 11:50:54'),
(253, 'CAOSCE', 'Praise', '', 'Praise.', '', '9058847616', '\"\"', 'USER', '', '', '', '254', 'DE:2019/7449', '\"\"', '', '', '2024-05-14 11:50:54', '2024-05-14 11:50:54'),
(254, 'CAOSCE', 'FAVOUR', 'GEORGE', 'FAVOUR.GEORGE', '', '8088524898', '\"\"', 'USER', '', '', '', '255', 'DE:2020/7437', '\"\"', '', '', '2024-05-14 11:50:54', '2024-05-14 11:50:54'),
(255, 'CAOSCE', 'GLORY', 'MBON', 'GLORY.MBON', '', '8104458531', '\"\"', 'USER', '', '', '', '253', 'DE:2021/5874', '\"\"', '', '', '2024-05-14 11:50:54', '2024-05-14 11:50:54'),
(256, 'CAOSCE', 'Queen', 'Obinna', 'Queen.Obinna', '', '8109478476', '\"\"', 'USER', '', '', '', '257', 'De:2022/5056', '\"\"', '', '', '2024-05-14 11:50:54', '2024-05-14 11:50:54'),
(257, 'CAOSCE', 'Uzodinma', 'Ebere', 'Uzodinma.Ebere', '', '9078772264', '\"\"', 'USER', '', '', '', '256', 'DE:2020/8815', '\"\"', '', '', '2024-05-14 11:50:54', '2024-05-14 11:50:54'),
(258, 'CAOSCE', 'Zinachino', 'Umearokwu', 'Zinachino.Umearokwu', '', '8137400387', '\"\"', 'USER', '', '', '', '258', 'DE:2021/5512', '\"\"', '', '', '2024-05-14 11:50:54', '2024-05-14 11:50:54'),
(259, 'CAOSCE', 'Wosa', 'Favour', 'Wosa.Favour', '', '7056968837', '\"\"', 'USER', '', '', '', '260', 'DE:2019/7429', '\"\"', '', '', '2024-05-14 11:50:54', '2024-05-14 11:50:54'),
(260, 'CAOSCE', 'Virtue', 'Onuoha-Isi', 'Virtue.Onuoha-Isi', '', '8158922088', '\"\"', 'USER', '', '', '', '259', 'DE:2019/7495', '\"\"', '', '', '2024-05-14 11:50:54', '2024-05-14 11:50:54'),
(261, 'CAOSCE', 'Tamuno', 'Charles-Davies', 'Tamuno.Charles-Davies', '', '9018049286', '\"\"', 'USER', '', '', '', '263', 'DE:2020/4840', '\"\"', '', '', '2024-05-14 11:50:54', '2024-05-14 11:50:54'),
(262, 'CAOSCE', 'STEPHANIE', 'OBILOR', 'STEPHANIE.OBILOR', '', '8166004531', '\"\"', 'USER', '', '', '', '261', 'DE:2020/7432', '\"\"', '', '', '2024-05-14 11:50:54', '2024-05-14 11:50:54'),
(263, 'CAOSCE', 'ISEGI', 'SOMOLON', 'ISEGI.SOMOLON', '', '9033517686', '\"\"', 'USER', '', '', '', '262', 'DE:2021/5506', '\"\"', '', '', '2024-05-14 11:50:54', '2024-05-14 11:50:54'),
(264, 'CAOSCE', 'FAVOUR', 'NWALI', 'FAVOUR.NWALI', '', '8104055279', '\"\"', 'USER', '', '', '', '264', 'DE:2022/TR/0030', '\"\"', '', '', '2024-05-14 11:50:54', '2024-05-14 11:50:54'),
(265, 'CAOSCE', 'Ofoegbu', 'Chinecherem', 'Ofoegbu.Chinecherem', '', '9166521499', '\"\"', 'USER', '', '', '', '267', 'DE:2020/7418', '\"\"', '', '', '2024-05-14 11:50:54', '2024-05-14 11:50:54'),
(266, 'CAOSCE', 'Endurance', 'Friday', 'Endurance.Friday', '', '8035688714', '\"\"', 'USER', '', '', '', '265', 'DE:2019/7430', '\"\"', '', '', '2024-05-14 11:50:54', '2024-05-14 11:50:54');
INSERT INTO `candidates` (`id`, `exam`, `firstname`, `lastname`, `username`, `group`, `phone`, `gender`, `role`, `state`, `faculty`, `department`, `seatno`, `examno`, `photo`, `time`, `date`, `created_at`, `updated_at`) VALUES
(267, 'CAOSCE', 'Richson', 'Blessing-ordu', 'Richson.Blessing-ordu', '', '9023315761', '\"\"', 'USER', '', '', '', '268', 'DE:2019/7447', '\"\"', '', '', '2024-05-14 11:50:54', '2024-05-14 11:50:54'),
(268, 'CAOSCE', 'Amadi', 'Adejoke', 'Amadi.Adejoke', '', '8164270742', '\"\"', 'USER', '', '', '', '266', 'DE:2022/1636', '\"\"', '', '', '2024-05-14 11:50:54', '2024-05-14 11:50:54'),
(269, 'CAOSCE', 'Ugondah', 'Amadi', 'Ugondah.Amadi', '', '8024494759', '\"\"', 'USER', '', '', '', '270', 'DE:2022/1773', '\"\"', '', '', '2024-05-14 11:50:54', '2024-05-14 11:50:54'),
(270, 'CAOSCE', 'Tamunobomate', 'Soberekon-tyger', 'Tamunobomate.Soberekon-tyger', '', '9028767038', '\"\"', 'USER', '', '', '', '269', 'DE:2022/1785', '\"\"', '', '', '2024-05-14 11:50:54', '2024-05-14 11:50:54'),
(271, 'CAOSCE', 'Onari', 'Awantaye', 'Onari.Awantaye', '', '8125134911', '\"\"', 'USER', '', '', '', '271', 'DE:2022/1778', '\"\"', '', '', '2024-05-14 11:50:54', '2024-05-14 11:50:54'),
(272, 'CAOSCE', 'Innocent', 'Gogo-ate', 'Innocent.Gogo-ate', '', '8102156808', '\"\"', 'USER', '', '', '', '272', 'DE:2020/7442', '\"\"', '', '', '2024-05-14 11:50:54', '2024-05-14 11:50:54'),
(273, 'CAOSCE', 'NZEDINMA', 'STEPHANIE', 'NZEDINMA.STEPHANIE', '', '9092326920', '\"\"', 'USER', '', '', '', '273', 'DE:2022/1814', '\"\"', '', '', '2024-05-14 11:50:54', '2024-05-14 11:50:54'),
(274, 'CAOSCE', 'Destiny', 'Amadi', 'Destiny.Amadi', '', '8109894839', '\"\"', 'USER', '', '', '', '274', 'DE:2020/7496', '\"\"', '', '', '2024-05-14 11:50:54', '2024-05-14 11:50:54'),
(275, 'CAOSCE', 'Success', 'Triumph', 'Success.Triumph', '', '8071279712', '\"\"', 'USER', '', '', '', '275', 'DE:2022/1802', '\"\"', '', '', '2024-05-14 11:50:54', '2024-05-14 11:50:54'),
(276, 'CAOSCE', 'Ruth', 'Mechie', 'Ruth.Mechie', '', '9063148917', '\"\"', 'USER', '', '', '', '277', 'DE:2022/1808', '\"\"', '', '', '2024-05-14 11:50:54', '2024-05-14 11:50:54'),
(277, 'CAOSCE', 'Waribo', 'Isotu', 'Waribo.Isotu', '', '7069416809', '\"\"', 'USER', '', '', '', '276', 'DE:2022/1850', '\"\"', '', '', '2024-05-14 11:50:54', '2024-05-14 11:50:54'),
(278, 'CAOSCE', 'Aadum', 'Erekpena', 'Aadum.Erekpena', '', '9033754502', '\"\"', 'USER', '', '', '', '278', 'DE:2020/7436', '\"\"', '', '', '2024-05-14 11:50:54', '2024-05-14 11:50:54'),
(279, 'CAOSCE', 'HUMPHREY', 'STEPHANIE', 'HUMPHREY.STEPHANIE', '', '8147041289', '\"\"', 'USER', '', '', '', '279', 'DE:2020/7588', '\"\"', '', '', '2024-05-14 11:50:54', '2024-05-14 11:50:54'),
(280, 'CAOSCE', 'IMA-AWAJI', 'URIAH', 'IMA-AWAJI.URIAH', '', '9090693222', '\"\"', 'USER', '', '', '', '280', 'DE:2020/7420', '\"\"', '', '', '2024-05-14 11:50:54', '2024-05-14 11:50:54'),
(281, 'CAOSCE', 'CHIMENEM', 'NJOKU', 'CHIMENEM.NJOKU', '', '9137227000', '\"\"', 'USER', '', '', '', '281', 'DE:2020/7416', '\"\"', '', '', '2024-05-14 11:50:54', '2024-05-14 11:50:54');

-- --------------------------------------------------------

--
-- Table structure for table `categories`
--

CREATE TABLE `categories` (
  `id` int(11) NOT NULL,
  `category_title` varchar(500) NOT NULL
) ENGINE=InnoDB DEFAULT CHARSET=utf8mb4 COLLATE=utf8mb4_general_ci;

-- --------------------------------------------------------

--
-- Table structure for table `courses`
--

CREATE TABLE `courses` (
  `id` int(11) NOT NULL,
  `title` varchar(100) NOT NULL,
  `code` text NOT NULL,
  `created_at` timestamp NOT NULL DEFAULT current_timestamp(),
  `updated_at` timestamp NOT NULL DEFAULT current_timestamp()
) ENGINE=InnoDB DEFAULT CHARSET=utf8mb4 COLLATE=utf8mb4_general_ci;

--
-- Dumping data for table `courses`
--

INSERT INTO `courses` (`id`, `title`, `code`, `created_at`, `updated_at`) VALUES
(1, 'MEDICAL-SURGICAL NURSING', 'NSC 341', '2024-05-12 22:13:37', '2024-05-12 22:22:39');

-- --------------------------------------------------------

--
-- Table structure for table `departments`
--

CREATE TABLE `departments` (
  `id` int(11) NOT NULL,
  `faculty` text NOT NULL,
  `title` text NOT NULL,
  `created_at` timestamp NOT NULL DEFAULT current_timestamp(),
  `updated_at` timestamp NOT NULL DEFAULT current_timestamp()
) ENGINE=InnoDB DEFAULT CHARSET=utf8mb4 COLLATE=utf8mb4_general_ci;

-- --------------------------------------------------------

--
-- Table structure for table `exams`
--

CREATE TABLE `exams` (
  `exam_id` int(11) NOT NULL,
  `exam` varchar(100) NOT NULL,
  `questions` varchar(100) NOT NULL,
  `duration` varchar(100) NOT NULL,
  `course` varchar(100) NOT NULL,
  `title` varchar(100) NOT NULL,
  `type` varchar(100) NOT NULL,
  `group` varchar(100) NOT NULL,
  `start` date NOT NULL,
  `end` date NOT NULL,
  `created_at` timestamp NOT NULL DEFAULT current_timestamp(),
  `updated_at` timestamp NOT NULL DEFAULT current_timestamp()
) ENGINE=InnoDB DEFAULT CHARSET=utf8mb4 COLLATE=utf8mb4_general_ci;

--
-- Dumping data for table `exams`
--

INSERT INTO `exams` (`exam_id`, `exam`, `questions`, `duration`, `course`, `title`, `type`, `group`, `start`, `end`, `created_at`, `updated_at`) VALUES
(1, 'CAOSCE', '10', '2', 'MEDICAL-SURGICAL NURSING', 'MCQ 1', 'EXAMINER', '200 LEVEL', '2024-06-04', '2024-06-05', '2024-06-04 14:06:46', '2024-06-04 14:11:30'),
(2, 'CAOSCE', '10', '4', 'MEDICAL-SURGICAL NURSING', 'MCQ 2', 'EXAMINER', '200 LEVEL', '2024-06-04', '2024-06-05', '2024-06-04 14:12:50', '2024-06-04 14:12:50'),
(3, 'CAOSCE', '10', '4', 'MEDICAL-SURGICAL NURSING', 'MCQ 3', 'EXAMINER', '200 LEVEL', '2024-06-04', '2024-06-05', '2024-06-04 14:15:13', '2024-06-04 14:15:13');

-- --------------------------------------------------------

--
-- Table structure for table `faculties`
--

CREATE TABLE `faculties` (
  `id` int(11) NOT NULL,
  `title` text NOT NULL,
  `created_at` timestamp NOT NULL DEFAULT current_timestamp(),
  `updated_at` timestamp NOT NULL DEFAULT current_timestamp()
) ENGINE=InnoDB DEFAULT CHARSET=utf8mb4 COLLATE=utf8mb4_general_ci;

--
-- Dumping data for table `faculties`
--

INSERT INTO `faculties` (`id`, `title`, `created_at`, `updated_at`) VALUES
(2, 'SCIENCE', '2024-05-12 21:41:46', '2024-05-12 21:41:46');

-- --------------------------------------------------------

--
-- Table structure for table `options`
--

CREATE TABLE `options` (
  `id` int(11) NOT NULL,
  `question_id` int(11) NOT NULL,
  `opt1` text NOT NULL,
  `opt2` text NOT NULL,
  `opt3` text NOT NULL,
  `opt4` text NOT NULL,
  `opt5` text NOT NULL,
  `score` varchar(10) NOT NULL,
  `created_at` timestamp NOT NULL DEFAULT current_timestamp(),
  `updated_at` timestamp NOT NULL DEFAULT current_timestamp()
) ENGINE=InnoDB DEFAULT CHARSET=utf8mb4 COLLATE=utf8mb4_general_ci;

--
-- Dumping data for table `options`
--

INSERT INTO `options` (`id`, `question_id`, `opt1`, `opt2`, `opt3`, `opt4`, `opt5`, `score`, `created_at`, `updated_at`) VALUES
(1, 1, 'Roller', 'Triangular', 'Crape', 'Tubular', '', '', '2024-05-14 11:13:12', '2024-05-14 11:13:12'),
(2, 3, 'Circle ', 'current ', 'circular ', 'crape', '', '', '2024-05-14 11:13:13', '2024-05-14 11:13:13'),
(3, 2, 'Circulation of air to the wound', ' Secure the dressing', 'Conforms to body part', 'Immobilize body part', '', '', '2024-05-14 11:13:12', '2024-05-14 11:13:12'),
(4, 4, 'Secure dressing', 'Support the part to be bandaged throughout the procedure', 'Provide warmth', 'Immobilize body part', '', '', '2024-05-14 11:13:13', '2024-05-14 11:13:13'),
(5, 7, 'Spiral turn', 'Spica turn', 'Spiral turn', 'Figure-8 turn', '', '', '2024-05-14 11:13:12', '2024-05-14 11:13:12'),
(6, 5, '8', '6', '7', '5', '', '', '2024-05-14 11:13:12', '2024-05-14 11:13:12'),
(7, 6, 'Turns', 'Turn', 'Turning', 'Circular', '', '', '2024-05-14 11:13:12', '2024-05-14 11:13:12'),
(8, 8, 'Gauze', 'Spiral', 'Triangular', 'Finger 8', '', '', '2024-05-14 11:13:13', '2024-05-14 11:13:13'),
(9, 9, 'Spica', 'Spiral reverse', 'Spiral', 'Syne', '', '', '2024-05-14 11:13:13', '2024-05-14 11:13:13'),
(10, 12, '0', '1/4', '1/2', '1/1', '', '', '2024-05-14 11:13:13', '2024-05-14 11:13:13'),
(11, 11, '0', '1/4', '1/2', '1/1', '', '', '2024-05-14 11:13:13', '2024-05-14 11:13:13'),
(12, 10, '3', '4', '5', '6', '', '', '2024-05-14 11:13:13', '2024-05-14 11:13:13'),
(13, 13, '0', '1/4', '1/2', '1/1', '', '', '2024-05-14 11:13:13', '2024-05-14 11:13:13'),
(14, 14, '0', '1/4', '1/2', '1/1', '', '', '2024-05-14 11:13:13', '2024-05-14 11:13:13'),
(15, 15, '0', '1/4', '1/2', '1/1', '', '', '2024-05-14 11:13:13', '2024-05-14 11:13:13'),
(16, 18, '0', '1/4', '1/2', '1/1', '', '', '2024-05-14 11:13:13', '2024-05-14 11:13:13'),
(17, 17, '0', '1/4', '1/2', '1/1', '', '', '2024-05-14 11:13:13', '2024-05-14 11:13:13'),
(18, 16, '0', '1/4', '1/2', '1/1', '', '', '2024-05-14 11:13:13', '2024-05-14 11:13:13'),
(19, 19, '0', '1/4', '1/2', '1/1', '', '', '2024-05-14 11:13:13', '2024-05-14 11:13:13'),
(20, 20, '0', '1/4', '1/2', '1/1', '', '', '2024-05-14 11:13:13', '2024-05-14 11:13:13');

-- --------------------------------------------------------

--
-- Table structure for table `questions`
--

CREATE TABLE `questions` (
  `id` int(11) NOT NULL,
  `course` varchar(100) NOT NULL,
  `question` text NOT NULL,
  `title` text NOT NULL,
  `answer` varchar(500) NOT NULL,
  `category` text NOT NULL,
  `type` varchar(500) NOT NULL,
  `group` text NOT NULL,
  `mark` varchar(20) NOT NULL,
  `created_at` timestamp NOT NULL DEFAULT current_timestamp(),
  `updated_at` timestamp NOT NULL DEFAULT current_timestamp()
) ENGINE=InnoDB DEFAULT CHARSET=utf8mb4 COLLATE=utf8mb4_general_ci;

--
-- Dumping data for table `questions`
--

INSERT INTO `questions` (`id`, `course`, `question`, `title`, `answer`, `category`, `type`, `group`, `mark`, `created_at`, `updated_at`) VALUES
(1, 'NSC 441', 'The following are types of bandages EXCEPT', 'MCQ 1', 'Crape', 'Multi Choice - Single Answer', 'EXAMINER', '200 LEVEL', '1', '2024-05-14 11:13:12', '2024-05-14 11:13:12'),
(2, 'NSC 441', 'The porous nature of gauze allows for ', 'MCQ 1', 'Circulation of air to the wound', 'Multi Choice - Single Answer', 'EXAMINER', '200 LEVEL', '1', '2024-05-14 11:13:12', '2024-05-14 11:13:12'),
(3, 'NSC 441', 'The technique that anchors the bandage at its beginning and end is', 'MCQ 1', 'circular ', 'Multi Choice - Single Answer', 'EXAMINER', '200 LEVEL', '1', '2024-05-14 11:13:13', '2024-05-14 11:13:13'),
(4, 'NSC 441', 'One of the principles of bandaging is', 'MCQ 1', 'Support the part to be bandaged throughout the procedure', 'Multi Choice - Single Answer', 'EXAMINER', '200 LEVEL', '1', '2024-05-14 11:13:13', '2024-05-14 11:13:13'),
(5, 'NSC 441', 'How many types of turns in bandaging', 'MCQ 1', '6', 'Multi Choice - Single Answer', 'EXAMINER', '200 LEVEL', '1', '2024-05-14 11:13:12', '2024-05-14 11:13:12'),
(6, 'NSC 441', 'The technique used in applying bandage is', 'MCQ 1', 'Turns', 'Multi Choice - Single Answer', 'EXAMINER', '300 LEVEL', '1', '2024-05-14 11:13:12', '2024-05-14 11:13:12'),
(7, 'NSC 441', 'The technique used to support jointed areas such as knees and elbow while allowing movement of body part covered is', 'MCQ 1', 'Figure-8 turn', 'Multi Choice - Single Answer', 'EXAMINER', '300 LEVEL', '1', '2024-05-14 11:13:12', '2024-05-14 11:13:12'),
(8, 'NSC 441', 'Bandage used as slings to support limb is', 'MCQ 1', 'Triangular', 'Multi Choice - Single Answer', 'EXAMINER', '300 LEVEL', '1', '2024-05-14 11:13:13', '2024-05-14 11:13:13'),
(9, 'NSC 441', 'The technique of bandage used for part of the body that are not uniform is', 'MCQ 1', 'Spiral reverse', 'Multi Choice - Single Answer', 'EXAMINER', '300 LEVEL', '1', '2024-05-14 11:13:13', '2024-05-14 11:13:13'),
(10, 'NSC 441', 'How many types of bandages do we have', 'MCQ 1', '3', 'Multi Choice - Single Answer', 'EXAMINER', '300 LEVEL', '1', '2024-05-14 11:13:13', '2024-05-14 11:13:13'),
(11, 'NSC 441', 'One of the rules of bandage is', 'PROCEDURE 1', 'Use of the right size', 'Multi Choice - Single Answer', 'CHECKLIST', '200 LEVEL', '1', '2024-05-14 11:13:13', '2024-05-14 11:13:13'),
(12, 'NSC 441', 'The technique for modification of figure-8, is', 'PROCEDURE 1', 'Spica ', 'Multi Choice - Single Answer', 'CHECKLIST', '200 LEVEL', '1', '2024-05-14 11:13:13', '2024-05-14 11:13:13'),
(13, 'NSC 441', 'The following materials can be used to secure the bandage EXCEPT', 'PROCEDURE 1', 'Adensine tape. ', 'Multi Choice - Single Answer', 'CHECKLIST', '200 LEVEL', '1', '2024-05-14 11:13:13', '2024-05-14 11:13:13'),
(14, 'NSC 441', 'The recurrent turn is used to cover distal ends such as', 'PROCEDURE 1', 'Skull', 'Multi Choice - Single Answer', 'CHECKLIST', '200 LEVEL', '1', '2024-05-14 11:13:13', '2024-05-14 11:13:13'),
(15, 'NSC 441', 'The technique used in bandaging a stump is', 'PROCEDURE 1', 'Recurrent', 'Multi Choice - Single Answer', 'CHECKLIST', '200 LEVEL', '1', '2024-05-14 11:13:13', '2024-05-14 11:13:13'),
(16, 'NSC 441', 'Using a circular turn to begin and end a bandage is', 'PROCEDURE 1', ' ', 'Multi Choice - Single Answer', 'CHECKLIST', '300 LEVEL', '1', '2024-05-14 11:13:13', '2024-05-14 11:13:13'),
(17, 'NSC 441', ' Spica bandage is a series of figure-8 turns and', 'PROCEDURE 1', 'Circular', 'Multi Choice - Single Answer', 'CHECKLIST', '300 LEVEL', '1', '2024-05-14 11:13:13', '2024-05-14 11:13:13'),
(18, 'NSC 441', 'One of the items that would be documented is', 'PROCEDURE 1', 'Neurovascular signs ', 'Multi Choice - Single Answer', 'CHECKLIST', '300 LEVEL', '1', '2024-05-14 11:13:13', '2024-05-14 11:13:13'),
(19, 'NSC 441', 'The end of a bandage is with how many circular turns', 'PROCEDURE 1', '2', 'Multi Choice - Single Answer', 'CHECKLIST', '300 LEVEL', '1', '2024-05-14 11:13:13', '2024-05-14 11:13:13'),
(20, 'NSC 441', ' The bandage technique used for areas of the body that are uniformed is', 'PROCEDURE 1', 'Spiral', 'Multi Choice - Single Answer', 'CHECKLIST', '300 LEVEL', '1', '2024-05-14 11:13:13', '2024-05-14 11:13:13');

-- --------------------------------------------------------

--
-- Table structure for table `results`
--

CREATE TABLE `results` (
  `id` int(11) NOT NULL,
  `exam` text NOT NULL,
  `title` text NOT NULL,
  `questions` text NOT NULL,
  `firstname` text NOT NULL,
  `lastname` text NOT NULL,
  `score` text NOT NULL,
  `examno` text NOT NULL,
  `seatno` text NOT NULL,
  `examiner` text NOT NULL,
  `sub` text NOT NULL,
  `attempt` text NOT NULL,
  `created_at` timestamp NOT NULL DEFAULT current_timestamp(),
  `updated_at` timestamp NOT NULL DEFAULT current_timestamp()
) ENGINE=InnoDB DEFAULT CHARSET=utf8mb4 COLLATE=utf8mb4_general_ci;

--
-- Dumping data for table `results`
--

INSERT INTO `results` (`id`, `exam`, `title`, `questions`, `firstname`, `lastname`, `score`, `examno`, `seatno`, `examiner`, `sub`, `attempt`, `created_at`, `updated_at`) VALUES
(3, 'CAOSCE', 'PROCEDURE 1', '5', 'Daniel', 'Faith', '0', 'DE:2019/7452', '1', '', 'MEDICAL-SURGICAL NURSING', '5', '2024-06-04 13:45:45', '2024-06-04 13:45:45');

-- --------------------------------------------------------

--
-- Table structure for table `users`
--

CREATE TABLE `users` (
  `id` int(11) NOT NULL,
  `username` varchar(100) NOT NULL,
  `password` varchar(100) NOT NULL,
  `firstname` varchar(100) NOT NULL,
  `lastname` varchar(100) NOT NULL,
  `gender` text NOT NULL,
  `email` varchar(100) NOT NULL,
  `phone` varchar(50) NOT NULL,
  `role` varchar(100) NOT NULL,
  `created_at` timestamp NOT NULL DEFAULT current_timestamp(),
  `updated_at` timestamp NOT NULL DEFAULT current_timestamp(),
  `userID` varchar(100) NOT NULL
) ENGINE=InnoDB DEFAULT CHARSET=utf8mb4 COLLATE=utf8mb4_general_ci;

--
-- Dumping data for table `users`
--

INSERT INTO `users` (`id`, `username`, `password`, `firstname`, `lastname`, `gender`, `email`, `phone`, `role`, `created_at`, `updated_at`, `userID`) VALUES
(1, 'hanniel.daniel', '123456', 'hanniel', 'daniel', 'MALE', 'dhanniel21@gmail.com', '08071368211', 'ADMIN', '0000-00-00 00:00:00', '2024-05-14 02:48:07', '2024000001'),
(3, 'aleruchi.oji', '123456', 'aleruchi', 'oji', 'FEMALE', 'ojialeruchi@gmail.com', '08071368211', 'ADMIN', '2024-05-14 02:42:54', '2024-05-14 02:42:54', '');

--
-- Indexes for dumped tables
--

--
-- Indexes for table `candidates`
--
ALTER TABLE `candidates`
  ADD PRIMARY KEY (`id`);

--
-- Indexes for table `categories`
--
ALTER TABLE `categories`
  ADD PRIMARY KEY (`id`);

--
-- Indexes for table `courses`
--
ALTER TABLE `courses`
  ADD PRIMARY KEY (`id`);

--
-- Indexes for table `departments`
--
ALTER TABLE `departments`
  ADD PRIMARY KEY (`id`);

--
-- Indexes for table `exams`
--
ALTER TABLE `exams`
  ADD PRIMARY KEY (`exam_id`);

--
-- Indexes for table `faculties`
--
ALTER TABLE `faculties`
  ADD PRIMARY KEY (`id`);

--
-- Indexes for table `options`
--
ALTER TABLE `options`
  ADD PRIMARY KEY (`id`);

--
-- Indexes for table `questions`
--
ALTER TABLE `questions`
  ADD PRIMARY KEY (`id`);

--
-- Indexes for table `results`
--
ALTER TABLE `results`
  ADD PRIMARY KEY (`id`);

--
-- Indexes for table `users`
--
ALTER TABLE `users`
  ADD PRIMARY KEY (`id`),
  ADD UNIQUE KEY `userID` (`userID`);

--
-- AUTO_INCREMENT for dumped tables
--

--
-- AUTO_INCREMENT for table `candidates`
--
ALTER TABLE `candidates`
  MODIFY `id` int(11) NOT NULL AUTO_INCREMENT, AUTO_INCREMENT=282;

--
-- AUTO_INCREMENT for table `categories`
--
ALTER TABLE `categories`
  MODIFY `id` int(11) NOT NULL AUTO_INCREMENT;

--
-- AUTO_INCREMENT for table `courses`
--
ALTER TABLE `courses`
  MODIFY `id` int(11) NOT NULL AUTO_INCREMENT, AUTO_INCREMENT=2;

--
-- AUTO_INCREMENT for table `departments`
--
ALTER TABLE `departments`
  MODIFY `id` int(11) NOT NULL AUTO_INCREMENT;

--
-- AUTO_INCREMENT for table `exams`
--
ALTER TABLE `exams`
  MODIFY `exam_id` int(11) NOT NULL AUTO_INCREMENT, AUTO_INCREMENT=4;

--
-- AUTO_INCREMENT for table `faculties`
--
ALTER TABLE `faculties`
  MODIFY `id` int(11) NOT NULL AUTO_INCREMENT, AUTO_INCREMENT=3;

--
-- AUTO_INCREMENT for table `options`
--
ALTER TABLE `options`
  MODIFY `id` int(11) NOT NULL AUTO_INCREMENT, AUTO_INCREMENT=21;

--
-- AUTO_INCREMENT for table `questions`
--
ALTER TABLE `questions`
  MODIFY `id` int(11) NOT NULL AUTO_INCREMENT, AUTO_INCREMENT=21;

--
-- AUTO_INCREMENT for table `results`
--
ALTER TABLE `results`
  MODIFY `id` int(11) NOT NULL AUTO_INCREMENT, AUTO_INCREMENT=4;

--
-- AUTO_INCREMENT for table `users`
--
ALTER TABLE `users`
  MODIFY `id` int(11) NOT NULL AUTO_INCREMENT, AUTO_INCREMENT=5;
--
-- Database: `phpmyadmin`
--
CREATE DATABASE IF NOT EXISTS `phpmyadmin` DEFAULT CHARACTER SET utf8 COLLATE utf8_bin;
USE `phpmyadmin`;

-- --------------------------------------------------------

--
-- Table structure for table `pma__bookmark`
--

CREATE TABLE `pma__bookmark` (
  `id` int(10) UNSIGNED NOT NULL,
  `dbase` varchar(255) NOT NULL DEFAULT '',
  `user` varchar(255) NOT NULL DEFAULT '',
  `label` varchar(255) CHARACTER SET utf8 COLLATE utf8_general_ci NOT NULL DEFAULT '',
  `query` text NOT NULL
) ENGINE=InnoDB DEFAULT CHARSET=utf8 COLLATE=utf8_bin COMMENT='Bookmarks';

-- --------------------------------------------------------

--
-- Table structure for table `pma__central_columns`
--

CREATE TABLE `pma__central_columns` (
  `db_name` varchar(64) NOT NULL,
  `col_name` varchar(64) NOT NULL,
  `col_type` varchar(64) NOT NULL,
  `col_length` text DEFAULT NULL,
  `col_collation` varchar(64) NOT NULL,
  `col_isNull` tinyint(1) NOT NULL,
  `col_extra` varchar(255) DEFAULT '',
  `col_default` text DEFAULT NULL
) ENGINE=InnoDB DEFAULT CHARSET=utf8 COLLATE=utf8_bin COMMENT='Central list of columns';

-- --------------------------------------------------------

--
-- Table structure for table `pma__column_info`
--

CREATE TABLE `pma__column_info` (
  `id` int(5) UNSIGNED NOT NULL,
  `db_name` varchar(64) NOT NULL DEFAULT '',
  `table_name` varchar(64) NOT NULL DEFAULT '',
  `column_name` varchar(64) NOT NULL DEFAULT '',
  `comment` varchar(255) CHARACTER SET utf8 COLLATE utf8_general_ci NOT NULL DEFAULT '',
  `mimetype` varchar(255) CHARACTER SET utf8 COLLATE utf8_general_ci NOT NULL DEFAULT '',
  `transformation` varchar(255) NOT NULL DEFAULT '',
  `transformation_options` varchar(255) NOT NULL DEFAULT '',
  `input_transformation` varchar(255) NOT NULL DEFAULT '',
  `input_transformation_options` varchar(255) NOT NULL DEFAULT ''
) ENGINE=InnoDB DEFAULT CHARSET=utf8 COLLATE=utf8_bin COMMENT='Column information for phpMyAdmin';

-- --------------------------------------------------------

--
-- Table structure for table `pma__designer_settings`
--

CREATE TABLE `pma__designer_settings` (
  `username` varchar(64) NOT NULL,
  `settings_data` text NOT NULL
) ENGINE=InnoDB DEFAULT CHARSET=utf8 COLLATE=utf8_bin COMMENT='Settings related to Designer';

-- --------------------------------------------------------

--
-- Table structure for table `pma__export_templates`
--

CREATE TABLE `pma__export_templates` (
  `id` int(5) UNSIGNED NOT NULL,
  `username` varchar(64) NOT NULL,
  `export_type` varchar(10) NOT NULL,
  `template_name` varchar(64) NOT NULL,
  `template_data` text NOT NULL
) ENGINE=InnoDB DEFAULT CHARSET=utf8 COLLATE=utf8_bin COMMENT='Saved export templates';

-- --------------------------------------------------------

--
-- Table structure for table `pma__favorite`
--

CREATE TABLE `pma__favorite` (
  `username` varchar(64) NOT NULL,
  `tables` text NOT NULL
) ENGINE=InnoDB DEFAULT CHARSET=utf8 COLLATE=utf8_bin COMMENT='Favorite tables';

-- --------------------------------------------------------

--
-- Table structure for table `pma__history`
--

CREATE TABLE `pma__history` (
  `id` bigint(20) UNSIGNED NOT NULL,
  `username` varchar(64) NOT NULL DEFAULT '',
  `db` varchar(64) NOT NULL DEFAULT '',
  `table` varchar(64) NOT NULL DEFAULT '',
  `timevalue` timestamp NOT NULL DEFAULT current_timestamp(),
  `sqlquery` text NOT NULL
) ENGINE=InnoDB DEFAULT CHARSET=utf8 COLLATE=utf8_bin COMMENT='SQL history for phpMyAdmin';

-- --------------------------------------------------------

--
-- Table structure for table `pma__navigationhiding`
--

CREATE TABLE `pma__navigationhiding` (
  `username` varchar(64) NOT NULL,
  `item_name` varchar(64) NOT NULL,
  `item_type` varchar(64) NOT NULL,
  `db_name` varchar(64) NOT NULL,
  `table_name` varchar(64) NOT NULL
) ENGINE=InnoDB DEFAULT CHARSET=utf8 COLLATE=utf8_bin COMMENT='Hidden items of navigation tree';

-- --------------------------------------------------------

--
-- Table structure for table `pma__pdf_pages`
--

CREATE TABLE `pma__pdf_pages` (
  `db_name` varchar(64) NOT NULL DEFAULT '',
  `page_nr` int(10) UNSIGNED NOT NULL,
  `page_descr` varchar(50) CHARACTER SET utf8 COLLATE utf8_general_ci NOT NULL DEFAULT ''
) ENGINE=InnoDB DEFAULT CHARSET=utf8 COLLATE=utf8_bin COMMENT='PDF relation pages for phpMyAdmin';

-- --------------------------------------------------------

--
-- Table structure for table `pma__recent`
--

CREATE TABLE `pma__recent` (
  `username` varchar(64) NOT NULL,
  `tables` text NOT NULL
) ENGINE=InnoDB DEFAULT CHARSET=utf8 COLLATE=utf8_bin COMMENT='Recently accessed tables';

--
-- Dumping data for table `pma__recent`
--

INSERT INTO `pma__recent` (`username`, `tables`) VALUES
('root', '[{\"db\":\"engine\",\"table\":\"exams\"},{\"db\":\"engine\",\"table\":\"results\"},{\"db\":\"engine\",\"table\":\"questions\"},{\"db\":\"engine\",\"table\":\"options\"},{\"db\":\"engine\",\"table\":\"candidates\"}]');

-- --------------------------------------------------------

--
-- Table structure for table `pma__relation`
--

CREATE TABLE `pma__relation` (
  `master_db` varchar(64) NOT NULL DEFAULT '',
  `master_table` varchar(64) NOT NULL DEFAULT '',
  `master_field` varchar(64) NOT NULL DEFAULT '',
  `foreign_db` varchar(64) NOT NULL DEFAULT '',
  `foreign_table` varchar(64) NOT NULL DEFAULT '',
  `foreign_field` varchar(64) NOT NULL DEFAULT ''
) ENGINE=InnoDB DEFAULT CHARSET=utf8 COLLATE=utf8_bin COMMENT='Relation table';

-- --------------------------------------------------------

--
-- Table structure for table `pma__savedsearches`
--

CREATE TABLE `pma__savedsearches` (
  `id` int(5) UNSIGNED NOT NULL,
  `username` varchar(64) NOT NULL DEFAULT '',
  `db_name` varchar(64) NOT NULL DEFAULT '',
  `search_name` varchar(64) NOT NULL DEFAULT '',
  `search_data` text NOT NULL
) ENGINE=InnoDB DEFAULT CHARSET=utf8 COLLATE=utf8_bin COMMENT='Saved searches';

-- --------------------------------------------------------

--
-- Table structure for table `pma__table_coords`
--

CREATE TABLE `pma__table_coords` (
  `db_name` varchar(64) NOT NULL DEFAULT '',
  `table_name` varchar(64) NOT NULL DEFAULT '',
  `pdf_page_number` int(11) NOT NULL DEFAULT 0,
  `x` float UNSIGNED NOT NULL DEFAULT 0,
  `y` float UNSIGNED NOT NULL DEFAULT 0
) ENGINE=InnoDB DEFAULT CHARSET=utf8 COLLATE=utf8_bin COMMENT='Table coordinates for phpMyAdmin PDF output';

-- --------------------------------------------------------

--
-- Table structure for table `pma__table_info`
--

CREATE TABLE `pma__table_info` (
  `db_name` varchar(64) NOT NULL DEFAULT '',
  `table_name` varchar(64) NOT NULL DEFAULT '',
  `display_field` varchar(64) NOT NULL DEFAULT ''
) ENGINE=InnoDB DEFAULT CHARSET=utf8 COLLATE=utf8_bin COMMENT='Table information for phpMyAdmin';

-- --------------------------------------------------------

--
-- Table structure for table `pma__table_uiprefs`
--

CREATE TABLE `pma__table_uiprefs` (
  `username` varchar(64) NOT NULL,
  `db_name` varchar(64) NOT NULL,
  `table_name` varchar(64) NOT NULL,
  `prefs` text NOT NULL,
  `last_update` timestamp NOT NULL DEFAULT current_timestamp() ON UPDATE current_timestamp()
) ENGINE=InnoDB DEFAULT CHARSET=utf8 COLLATE=utf8_bin COMMENT='Tables'' UI preferences';

-- --------------------------------------------------------

--
-- Table structure for table `pma__tracking`
--

CREATE TABLE `pma__tracking` (
  `db_name` varchar(64) NOT NULL,
  `table_name` varchar(64) NOT NULL,
  `version` int(10) UNSIGNED NOT NULL,
  `date_created` datetime NOT NULL,
  `date_updated` datetime NOT NULL,
  `schema_snapshot` text NOT NULL,
  `schema_sql` text DEFAULT NULL,
  `data_sql` longtext DEFAULT NULL,
  `tracking` set('UPDATE','REPLACE','INSERT','DELETE','TRUNCATE','CREATE DATABASE','ALTER DATABASE','DROP DATABASE','CREATE TABLE','ALTER TABLE','RENAME TABLE','DROP TABLE','CREATE INDEX','DROP INDEX','CREATE VIEW','ALTER VIEW','DROP VIEW') DEFAULT NULL,
  `tracking_active` int(1) UNSIGNED NOT NULL DEFAULT 1
) ENGINE=InnoDB DEFAULT CHARSET=utf8 COLLATE=utf8_bin COMMENT='Database changes tracking for phpMyAdmin';

-- --------------------------------------------------------

--
-- Table structure for table `pma__userconfig`
--

CREATE TABLE `pma__userconfig` (
  `username` varchar(64) NOT NULL,
  `timevalue` timestamp NOT NULL DEFAULT current_timestamp() ON UPDATE current_timestamp(),
  `config_data` text NOT NULL
) ENGINE=InnoDB DEFAULT CHARSET=utf8 COLLATE=utf8_bin COMMENT='User preferences storage for phpMyAdmin';

--
-- Dumping data for table `pma__userconfig`
--

INSERT INTO `pma__userconfig` (`username`, `timevalue`, `config_data`) VALUES
('root', '2024-06-04 13:07:39', '{\"Console\\/Mode\":\"collapse\"}');

-- --------------------------------------------------------

--
-- Table structure for table `pma__usergroups`
--

CREATE TABLE `pma__usergroups` (
  `usergroup` varchar(64) NOT NULL,
  `tab` varchar(64) NOT NULL,
  `allowed` enum('Y','N') NOT NULL DEFAULT 'N'
) ENGINE=InnoDB DEFAULT CHARSET=utf8 COLLATE=utf8_bin COMMENT='User groups with configured menu items';

-- --------------------------------------------------------

--
-- Table structure for table `pma__users`
--

CREATE TABLE `pma__users` (
  `username` varchar(64) NOT NULL,
  `usergroup` varchar(64) NOT NULL
) ENGINE=InnoDB DEFAULT CHARSET=utf8 COLLATE=utf8_bin COMMENT='Users and their assignments to user groups';

--
-- Indexes for dumped tables
--

--
-- Indexes for table `pma__bookmark`
--
ALTER TABLE `pma__bookmark`
  ADD PRIMARY KEY (`id`);

--
-- Indexes for table `pma__central_columns`
--
ALTER TABLE `pma__central_columns`
  ADD PRIMARY KEY (`db_name`,`col_name`);

--
-- Indexes for table `pma__column_info`
--
ALTER TABLE `pma__column_info`
  ADD PRIMARY KEY (`id`),
  ADD UNIQUE KEY `db_name` (`db_name`,`table_name`,`column_name`);

--
-- Indexes for table `pma__designer_settings`
--
ALTER TABLE `pma__designer_settings`
  ADD PRIMARY KEY (`username`);

--
-- Indexes for table `pma__export_templates`
--
ALTER TABLE `pma__export_templates`
  ADD PRIMARY KEY (`id`),
  ADD UNIQUE KEY `u_user_type_template` (`username`,`export_type`,`template_name`);

--
-- Indexes for table `pma__favorite`
--
ALTER TABLE `pma__favorite`
  ADD PRIMARY KEY (`username`);

--
-- Indexes for table `pma__history`
--
ALTER TABLE `pma__history`
  ADD PRIMARY KEY (`id`),
  ADD KEY `username` (`username`,`db`,`table`,`timevalue`);

--
-- Indexes for table `pma__navigationhiding`
--
ALTER TABLE `pma__navigationhiding`
  ADD PRIMARY KEY (`username`,`item_name`,`item_type`,`db_name`,`table_name`);

--
-- Indexes for table `pma__pdf_pages`
--
ALTER TABLE `pma__pdf_pages`
  ADD PRIMARY KEY (`page_nr`),
  ADD KEY `db_name` (`db_name`);

--
-- Indexes for table `pma__recent`
--
ALTER TABLE `pma__recent`
  ADD PRIMARY KEY (`username`);

--
-- Indexes for table `pma__relation`
--
ALTER TABLE `pma__relation`
  ADD PRIMARY KEY (`master_db`,`master_table`,`master_field`),
  ADD KEY `foreign_field` (`foreign_db`,`foreign_table`);

--
-- Indexes for table `pma__savedsearches`
--
ALTER TABLE `pma__savedsearches`
  ADD PRIMARY KEY (`id`),
  ADD UNIQUE KEY `u_savedsearches_username_dbname` (`username`,`db_name`,`search_name`);

--
-- Indexes for table `pma__table_coords`
--
ALTER TABLE `pma__table_coords`
  ADD PRIMARY KEY (`db_name`,`table_name`,`pdf_page_number`);

--
-- Indexes for table `pma__table_info`
--
ALTER TABLE `pma__table_info`
  ADD PRIMARY KEY (`db_name`,`table_name`);

--
-- Indexes for table `pma__table_uiprefs`
--
ALTER TABLE `pma__table_uiprefs`
  ADD PRIMARY KEY (`username`,`db_name`,`table_name`);

--
-- Indexes for table `pma__tracking`
--
ALTER TABLE `pma__tracking`
  ADD PRIMARY KEY (`db_name`,`table_name`,`version`);

--
-- Indexes for table `pma__userconfig`
--
ALTER TABLE `pma__userconfig`
  ADD PRIMARY KEY (`username`);

--
-- Indexes for table `pma__usergroups`
--
ALTER TABLE `pma__usergroups`
  ADD PRIMARY KEY (`usergroup`,`tab`,`allowed`);

--
-- Indexes for table `pma__users`
--
ALTER TABLE `pma__users`
  ADD PRIMARY KEY (`username`,`usergroup`);

--
-- AUTO_INCREMENT for dumped tables
--

--
-- AUTO_INCREMENT for table `pma__bookmark`
--
ALTER TABLE `pma__bookmark`
  MODIFY `id` int(10) UNSIGNED NOT NULL AUTO_INCREMENT;

--
-- AUTO_INCREMENT for table `pma__column_info`
--
ALTER TABLE `pma__column_info`
  MODIFY `id` int(5) UNSIGNED NOT NULL AUTO_INCREMENT;

--
-- AUTO_INCREMENT for table `pma__export_templates`
--
ALTER TABLE `pma__export_templates`
  MODIFY `id` int(5) UNSIGNED NOT NULL AUTO_INCREMENT;

--
-- AUTO_INCREMENT for table `pma__history`
--
ALTER TABLE `pma__history`
  MODIFY `id` bigint(20) UNSIGNED NOT NULL AUTO_INCREMENT;

--
-- AUTO_INCREMENT for table `pma__pdf_pages`
--
ALTER TABLE `pma__pdf_pages`
  MODIFY `page_nr` int(10) UNSIGNED NOT NULL AUTO_INCREMENT;

--
-- AUTO_INCREMENT for table `pma__savedsearches`
--
ALTER TABLE `pma__savedsearches`
  MODIFY `id` int(5) UNSIGNED NOT NULL AUTO_INCREMENT;
--
-- Database: `test`
--
CREATE DATABASE IF NOT EXISTS `test` DEFAULT CHARACTER SET latin1 COLLATE latin1_swedish_ci;
USE `test`;
COMMIT;

/*!40101 SET CHARACTER_SET_CLIENT=@OLD_CHARACTER_SET_CLIENT */;
/*!40101 SET CHARACTER_SET_RESULTS=@OLD_CHARACTER_SET_RESULTS */;
/*!40101 SET COLLATION_CONNECTION=@OLD_COLLATION_CONNECTION */;
